timestamp,2.,2.1,5.,5.1,6.,6.1,8.,8.1,9.,9.1,14.,14.1,18.,18.1,23.,23.1,25.,25.1,28.,28.1,33.,33.1,34.,34.1
1772830678.023879,None,0.00,None,0.00,None,0.00,None,31.00,None,0.00,None,0.00,None,0.00,None,0.00,None,0.00,None,0.00,None,0.00,None,0.00
1772830678.0247037,None,0.00,None,0.00,None,0.00,None,31.00,None,0.00,None,0.00,None,0.00,None,0.00,None,0.00,None,0.00,None,0.00,None,0.00
1772830678.0544896,None,0.00,None,0.00,None,0.00,None,53.67,None,0.00,None,4.00,None,0.00,None,0.00,None,0.00,None,0.00,None,0.00,None,0.00
1772830678.0552392,None,0.00,None,0.00,None,0.00,None,53.67,None,0.00,None,4.00,None,0.00,None,0.00,None,0.00,None,0.00,None,0.00,None,0.00
1772830678.0838234,None,0.00,None,0.00,None,7.66,None,55.34,None,0.00,None,21.67,None,0.00,None,0.00,None,0.00,None,4.00,None,0.00,None,0.00
1772830678.0845308,None,0.00,None,0.00,None,7.66,None,55.34,None,0.00,None,21.67,None,0.00,None,0.00,None,0.00,None,4.00,None,0.00,None,0.00
1772830678.113188,None,0.00,None,0.00,None,12.66,None,55.34,None,0.00,None,39.34,None,0.00,None,0.00,None,4.00,None,4.00,None,0.00,None,0.00
1772830678.1139827,None,0.00,None,0.00,None,12.66,None,55.34,None,0.00,None,39.34,None,0.00,None,0.00,None,4.00,None,4.00,None,0.00,None,0.00
1772830678.1421406,None,0.00,None,0.00,None,12.66,None,55.34,None,0.00,None,51.34,None,0.00,None,0.00,None,4.00,None,13.00,None,0.00,None,0.00
1772830678.142925,None,0.00,None,0.00,None,12.66,None,55.34,None,0.00,None,51.34,None,0.00,None,0.00,None,4.00,None,13.00,None,0.00,None,0.00
1772830678.1717062,None,0.00,None,0.00,None,12.66,None,55.34,None,0.00,None,54.67,None,0.00,None,0.00,None,4.00,None,30.67,None,0.00,None,0.00
1772830678.1724846,None,0.00,None,0.00,None,12.66,None,55.34,None,0.00,None,54.67,None,0.00,None,0.00,None,4.00,None,30.67,None,0.00,None,0.00
1772830694.063352,None,0.00,None,0.00,None,12.66,None,55.34,None,0.00,None,54.67,None,0.00,None,27.00,None,4.00,None,30.67,None,0.00,None,0.00
1772830694.0644493,None,0.00,None,0.00,None,12.66,None,55.34,None,0.00,None,54.67,None,0.00,None,27.00,None,4.00,None,30.67,None,0.00,None,0.00
1772830694.093495,None,0.00,None,0.00,None,12.66,None,55.34,None,0.00,None,54.67,None,0.00,None,28.67,None,29.33,None,30.67,None,0.00,None,0.00
1772830694.0943844,None,0.00,None,0.00,None,12.66,None,55.34,None,0.00,None,54.67,None,0.00,None,28.67,None,29.33,None,30.67,None,0.00,None,0.00
1772830694.1238759,None,0.00,None,0.00,None,12.66,None,55.34,None,0.00,None,54.67,None,0.00,None,28.67,None,52.00,None,30.67,None,0.00,None,0.00
1772830694.124745,None,0.00,None,0.00,None,12.66,None,55.34,None,0.00,None,54.67,None,0.00,None,28.67,None,52.00,None,30.67,None,0.00,None,0.00
1772830694.153308,None,0.00,None,9.00,None,12.66,None,55.34,None,0.00,None,54.67,None,0.00,None,28.67,None,53.67,None,47.00,None,0.00,None,0.00
1772830694.1542113,None,0.00,None,9.00,None,12.66,None,55.34,None,0.00,None,54.67,None,0.00,None,28.67,None,53.67,None,47.00,None,0.00,None,0.00
1772830694.1838017,None,0.00,None,26.67,None,12.66,None,55.34,None,0.00,None,54.67,None,0.00,None,28.67,None,55.34,None,50.33,None,0.00,None,0.00
1772830694.184777,None,0.00,None,26.67,None,12.66,None,55.34,None,0.00,None,54.67,None,0.00,None,28.67,None,55.34,None,50.33,None,0.00,None,0.00
1772830694.2139711,None,0.00,None,26.67,None,12.66,None,55.34,None,0.00,None,54.67,None,0.00,None,28.67,None,55.34,None,55.33,None,0.00,None,0.00
1772830694.2149425,None,0.00,None,26.67,None,12.66,None,55.34,None,0.00,None,54.67,None,0.00,None,28.67,None,55.34,None,55.33,None,0.00,None,0.00
1772830729.093131,None,25.33,None,28.34,None,12.66,None,55.34,None,0.00,None,54.67,None,0.00,None,28.67,None,55.34,None,55.33,None,0.00,None,0.00
1772830729.094167,None,25.33,None,28.34,None,12.66,None,55.34,None,0.00,None,54.67,None,0.00,None,28.67,None,55.34,None,55.33,None,0.00,None,0.00
1772830729.122248,None,28.66,None,28.34,None,12.66,None,55.34,None,9.00,None,54.67,None,8.67,None,28.67,None,55.34,None,55.33,None,0.00,None,0.00
1772830729.1232753,None,28.66,None,28.34,None,12.66,None,55.34,None,9.00,None,54.67,None,8.67,None,28.67,None,55.34,None,55.33,None,0.00,None,0.00
1772830729.153173,None,28.66,None,28.34,None,12.66,None,55.34,None,9.00,None,54.67,None,8.67,None,28.67,None,55.34,None,55.33,None,0.00,None,0.00
1772830729.1542814,None,28.66,None,28.34,None,12.66,None,55.34,None,9.00,None,54.67,None,8.67,None,28.67,None,55.34,None,55.33,None,0.00,None,0.00
1772830729.184059,None,28.66,None,28.34,None,12.66,None,55.34,None,9.00,None,54.67,None,8.67,None,28.67,None,55.34,None,55.33,None,0.00,None,0.00
1772830729.1853955,None,28.66,None,28.34,None,12.66,None,55.34,None,9.00,None,54.67,None,8.67,None,28.67,None,55.34,None,55.33,None,0.00,None,0.00
1772830729.2153628,None,28.66,None,28.34,None,12.66,None,55.34,None,9.00,None,54.67,None,8.67,None,28.67,None,55.34,None,55.33,None,0.00,None,0.00
1772830729.2166758,None,28.66,None,28.34,None,12.66,None,55.34,None,9.00,None,54.67,None,8.67,None,28.67,None,55.34,None,55.33,None,0.00,None,0.00
1772830729.2455695,None,28.66,None,28.34,None,12.66,None,55.34,None,9.00,None,54.67,None,8.67,None,28.67,None,55.34,None,55.33,None,0.00,None,0.00
1772830729.2470903,None,28.66,None,28.34,None,12.66,None,55.34,None,9.00,None,54.67,None,8.67,None,28.67,None,55.34,None,55.33,None,0.00,None,0.00
1772830753.124318,None,28.66,None,28.34,None,12.66,None,55.34,None,9.00,None,54.67,None,8.67,None,28.67,None,55.34,None,55.33,None,0.00,None,0.00
1772830753.1255488,None,28.66,None,28.34,None,12.66,None,55.34,None,9.00,None,54.67,None,8.67,None,28.67,None,55.34,None,55.33,None,0.00,None,0.00
1772830753.1534135,None,28.66,None,28.34,None,12.66,None,55.34,None,9.00,None,54.67,None,8.67,None,28.67,None,55.34,None,55.33,None,0.00,None,0.00
1772830753.1545713,None,28.66,None,28.34,None,12.66,None,55.34,None,9.00,None,54.67,None,8.67,None,28.67,None,55.34,None,55.33,None,0.00,None,0.00
1772830753.1835566,None,28.66,None,28.34,None,12.66,None,55.34,None,9.00,None,54.67,None,8.67,None,28.67,None,55.34,None,55.33,None,0.00,None,0.00
1772830753.1847844,None,28.66,None,28.34,None,12.66,None,55.34,None,9.00,None,54.67,None,8.67,None,28.67,None,55.34,None,55.33,None,0.00,None,0.00
1772830753.212703,None,28.66,None,28.34,None,12.66,None,55.34,None,9.00,None,54.67,None,8.67,None,28.67,None,55.34,None,55.33,None,0.00,None,0.00
1772830753.2139406,None,28.66,None,28.34,None,12.66,None,55.34,None,9.00,None,54.67,None,8.67,None,28.67,None,55.34,None,55.33,None,0.00,None,0.00
1772830753.242688,None,28.66,None,28.34,None,12.66,None,55.34,None,9.00,None,54.67,None,8.67,None,28.67,None,55.34,None,55.33,None,0.00,None,0.00
1772830753.243975,None,28.66,None,28.34,None,12.66,None,55.34,None,9.00,None,54.67,None,8.67,None,28.67,None,55.34,None,55.33,None,0.00,None,0.00
1772830753.2722118,None,28.66,None,28.34,None,12.66,None,55.34,None,9.00,None,54.67,None,8.67,None,28.67,None,55.34,None,55.33,None,0.00,None,0.00
1772830753.2735178,None,28.66,None,28.34,None,12.66,None,55.34,None,9.00,None,54.67,None,8.67,None,28.67,None,55.34,None,55.33,None,0.00,None,0.00
1772830768.163402,None,28.66,None,28.34,None,12.66,None,55.34,None,9.00,None,54.67,None,8.67,None,28.67,None,55.34,None,55.33,None,0.00,None,0.00
1772830768.1648595,None,28.66,None,28.34,None,12.66,None,55.34,None,9.00,None,54.67,None,8.67,None,28.67,None,55.34,None,55.33,None,0.00,None,0.00
1772830768.1929097,None,28.66,None,28.34,None,12.66,None,55.34,None,9.00,None,54.67,None,8.67,None,28.67,None,55.34,None,55.33,None,0.00,None,0.00
1772830768.1943114,None,28.66,None,28.34,None,12.66,None,55.34,None,9.00,None,54.67,None,8.67,None,28.67,None,55.34,None,55.33,None,0.00,None,0.00
1772830768.2229214,None,28.66,None,28.34,None,12.66,None,55.34,None,9.00,None,54.67,None,8.67,None,28.67,None,55.34,None,55.33,None,0.00,None,0.00
1772830768.2243254,None,28.66,None,28.34,None,12.66,None,55.34,None,9.00,None,54.67,None,8.67,None,28.67,None,55.34,None,55.33,None,0.00,None,0.00
1772830768.2522752,None,28.66,None,28.34,None,12.66,None,55.34,None,9.00,None,54.67,None,8.67,None,28.67,None,55.34,None,55.33,None,0.00,None,0.00
1772830768.2536898,None,28.66,None,28.34,None,12.66,None,55.34,None,9.00,None,54.67,None,8.67,None,28.67,None,55.34,None,55.33,None,0.00,None,0.00
1772830768.2826474,None,28.66,None,28.34,None,12.66,None,55.34,None,9.00,None,54.67,None,8.67,None,28.67,None,55.34,None,55.33,None,0.00,None,0.00
1772830768.2841065,None,28.66,None,28.34,None,12.66,None,55.34,None,9.00,None,54.67,None,8.67,None,28.67,None,55.34,None,55.33,None,0.00,None,0.00
1772830768.3120828,None,28.66,None,28.34,None,12.66,None,55.34,None,9.00,None,54.67,None,8.67,None,28.67,None,55.34,None,55.33,None,12.00,None,9.00
1772830768.3135614,None,28.66,None,28.34,None,12.66,None,55.34,None,9.00,None,54.67,None,8.67,None,28.67,None,55.34,None,55.33,None,12.00,None,9.00
1772830785.1999981,None,28.66,None,28.34,None,12.66,None,55.34,None,22.00,None,54.67,None,13.67,None,28.67,None,55.34,None,55.33,None,12.00,None,9.00
1772830785.2016516,None,28.66,None,28.34,None,12.66,None,55.34,None,22.00,None,54.67,None,13.67,None,28.67,None,55.34,None,55.33,None,12.00,None,9.00
1772830785.3213,None,28.66,None,28.34,None,12.66,None,55.34,None,25.33,None,54.67,None,13.67,None,28.67,None,55.34,None,55.33,None,12.00,None,9.00
1772830785.3229525,None,28.66,None,28.34,None,12.66,None,55.34,None,25.33,None,54.67,None,13.67,None,28.67,None,55.34,None,55.33,None,12.00,None,9.00
1772830785.3510036,None,28.66,None,28.34,None,12.66,None,55.34,None,28.66,None,54.67,None,13.67,None,28.67,None,55.34,None,55.33,None,12.00,None,9.00
1772830785.352632,None,28.66,None,28.34,None,12.66,None,55.34,None,28.66,None,54.67,None,13.67,None,28.67,None,55.34,None,55.33,None,12.00,None,9.00
1772830785.3810954,None,28.66,None,28.34,None,12.66,None,55.34,None,28.66,None,54.67,None,13.67,None,28.67,None,55.34,None,55.33,None,12.00,None,12.33
1772830785.382763,None,28.66,None,28.34,None,12.66,None,55.34,None,28.66,None,54.67,None,13.67,None,28.67,None,55.34,None,55.33,None,12.00,None,12.33
1772830785.4101744,None,28.66,None,28.34,None,12.66,None,55.34,None,28.66,None,54.67,None,13.67,None,28.67,None,55.34,None,55.33,None,12.00,None,12.33
1772830785.4118729,None,28.66,None,28.34,None,12.66,None,55.34,None,28.66,None,54.67,None,13.67,None,28.67,None,55.34,None,55.33,None,12.00,None,12.33
1772830785.439346,None,28.66,None,28.34,None,12.66,None,55.34,None,28.66,None,54.67,None,13.67,None,28.67,None,55.34,None,55.33,None,12.00,None,12.33
1772830785.4410608,None,28.66,None,28.34,None,12.66,None,55.34,None,28.66,None,54.67,None,13.67,None,28.67,None,55.34,None,55.33,None,12.00,None,12.33
1772830803.2364635,None,28.66,None,28.34,None,0.00,None,0.00,None,28.66,None,25.00,None,13.67,None,28.67,None,53.01,None,28.99,None,12.00,None,12.33
1772830803.2381678,None,28.66,None,28.34,None,0.00,None,0.00,None,28.66,None,25.00,None,13.67,None,28.67,None,53.01,None,28.99,None,12.00,None,12.33
1772830803.2684891,None,28.66,None,28.34,None,0.00,None,0.00,None,28.66,None,46.00,None,13.67,None,28.67,None,54.68,None,32.99,None,12.00,None,12.33
1772830803.2701457,None,28.66,None,28.34,None,0.00,None,0.00,None,28.66,None,46.00,None,13.67,None,28.67,None,54.68,None,32.99,None,12.00,None,12.33
1772830803.3001494,None,28.66,None,28.34,None,0.00,None,4.00,None,28.66,None,49.33,None,13.67,None,28.67,None,54.68,None,52.33,None,12.00,None,12.33
1772830803.301786,None,28.66,None,28.34,None,0.00,None,4.00,None,28.66,None,49.33,None,13.67,None,28.67,None,54.68,None,52.33,None,12.00,None,12.33
1772830803.3310723,None,28.66,None,28.34,None,0.00,None,25.00,None,28.66,None,53.66,None,13.67,None,28.67,None,54.68,None,54.00,None,12.00,None,12.33
1772830803.3327515,None,28.66,None,28.34,None,0.00,None,25.00,None,28.66,None,53.66,None,13.67,None,28.67,None,54.68,None,54.00,None,12.00,None,12.33
1772830803.362768,None,28.66,None,28.34,None,0.00,None,50.33,None,28.66,None,55.33,None,13.67,None,28.67,None,54.68,None,54.00,None,12.00,None,12.33
1772830803.3645935,None,28.66,None,28.34,None,0.00,None,50.33,None,28.66,None,55.33,None,13.67,None,28.67,None,54.68,None,54.00,None,12.00,None,12.33
1772830803.394798,None,28.66,None,28.34,None,13.00,None,55.33,None,28.66,None,55.33,None,13.67,None,28.67,None,54.68,None,54.00,None,12.00,None,12.33
1772830803.396679,None,28.66,None,28.34,None,13.00,None,55.33,None,28.66,None,55.33,None,13.67,None,28.67,None,54.68,None,54.00,None,12.00,None,12.33
1772830826.2481453,None,28.66,None,1.67,None,13.00,None,55.33,None,28.66,None,55.33,None,13.67,None,0.00,None,7.34,None,50.34,None,12.00,None,12.33
1772830826.2492728,None,28.66,None,1.67,None,13.00,None,55.33,None,28.66,None,55.33,None,13.67,None,0.00,None,7.34,None,50.34,None,12.00,None,12.33
1772830826.2691038,None,28.66,None,1.67,None,13.00,None,55.33,None,28.66,None,55.33,None,13.67,None,0.00,None,25.01,None,53.67,None,12.00,None,12.33
1772830826.2699788,None,28.66,None,1.67,None,13.00,None,55.33,None,28.66,None,55.33,None,13.67,None,0.00,None,25.01,None,53.67,None,12.00,None,12.33
1772830826.2896945,None,28.66,None,1.67,None,13.00,None,55.33,None,28.66,None,55.33,None,13.67,None,0.00,None,46.01,None,53.67,None,12.00,None,12.33
1772830826.2906423,None,28.66,None,1.67,None,13.00,None,55.33,None,28.66,None,55.33,None,13.67,None,0.00,None,46.01,None,53.67,None,12.00,None,12.33
1772830826.3105757,None,28.66,None,1.67,None,13.00,None,55.33,None,28.66,None,55.33,None,13.67,None,17.67,None,49.34,None,53.67,None,12.00,None,12.33
1772830826.311484,None,28.66,None,1.67,None,13.00,None,55.33,None,28.66,None,55.33,None,13.67,None,17.67,None,49.34,None,53.67,None,12.00,None,12.33
1772830826.3315225,None,28.66,None,10.67,None,13.00,None,55.33,None,28.66,None,55.33,None,13.67,None,26.34,None,52.67,None,53.67,None,12.00,None,12.33
1772830826.332452,None,28.66,None,10.67,None,13.00,None,55.33,None,28.66,None,55.33,None,13.67,None,26.34,None,52.67,None,53.67,None,12.00,None,12.33
1772830826.3522618,None,28.66,None,10.67,None,13.00,None,55.33,None,28.66,None,55.33,None,13.67,None,26.34,None,52.67,None,53.67,None,12.00,None,12.33
1772830826.3532023,None,28.66,None,10.67,None,13.00,None,55.33,None,28.66,None,55.33,None,13.67,None,26.34,None,52.67,None,53.67,None,12.00,None,12.33
1772830840.280412,None,0.00,None,26.67,None,13.00,None,55.33,None,19.66,None,55.33,None,5.00,None,29.67,None,54.34,None,53.67,None,12.00,None,12.33
1772830840.2821631,None,0.00,None,26.67,None,13.00,None,55.33,None,19.66,None,55.33,None,5.00,None,29.67,None,54.34,None,53.67,None,12.00,None,12.33
1772830840.315554,None,17.67,None,30.00,None,13.00,None,55.33,None,19.66,None,55.33,None,5.00,None,29.67,None,54.34,None,55.34,None,12.00,None,12.33
1772830840.3172343,None,17.67,None,30.00,None,13.00,None,55.33,None,19.66,None,55.33,None,5.00,None,29.67,None,54.34,None,55.34,None,12.00,None,12.33
1772830840.3498855,None,17.67,None,30.00,None,13.00,None,55.33,None,19.66,None,55.33,None,5.00,None,29.67,None,54.34,None,55.34,None,12.00,None,12.33
1772830840.35159,None,17.67,None,30.00,None,13.00,None,55.33,None,19.66,None,55.33,None,5.00,None,29.67,None,54.34,None,55.34,None,12.00,None,12.33
1772830840.3845923,None,17.67,None,30.00,None,13.00,None,55.33,None,19.66,None,55.33,None,5.00,None,29.67,None,54.34,None,55.34,None,12.00,None,12.33
1772830840.3862925,None,17.67,None,30.00,None,13.00,None,55.33,None,19.66,None,55.33,None,5.00,None,29.67,None,54.34,None,55.34,None,12.00,None,12.33
1772830840.419397,None,17.67,None,30.00,None,13.00,None,55.33,None,19.66,None,55.33,None,5.00,None,29.67,None,54.34,None,55.34,None,12.00,None,12.33
1772830840.4211586,None,17.67,None,30.00,None,13.00,None,55.33,None,19.66,None,55.33,None,5.00,None,29.67,None,54.34,None,55.34,None,12.00,None,12.33
1772830840.454257,None,17.67,None,30.00,None,13.00,None,55.33,None,19.66,None,55.33,None,5.00,None,29.67,None,54.34,None,55.34,None,12.00,None,12.33
1772830840.456055,None,17.67,None,30.00,None,13.00,None,55.33,None,19.66,None,55.33,None,5.00,None,29.67,None,54.34,None,55.34,None,12.00,None,12.33
1772830866.3115482,None,29.67,None,30.00,None,13.00,None,55.33,None,28.66,None,55.33,None,11.00,None,29.67,None,54.34,None,55.34,None,12.00,None,12.33
1772830866.312616,None,29.67,None,30.00,None,13.00,None,55.33,None,28.66,None,55.33,None,11.00,None,29.67,None,54.34,None,55.34,None,12.00,None,12.33
1772830866.3326528,None,29.67,None,30.00,None,13.00,None,55.33,None,28.66,None,55.33,None,12.67,None,29.67,None,54.34,None,55.34,None,12.00,None,12.33
1772830866.3337028,None,29.67,None,30.00,None,13.00,None,55.33,None,28.66,None,55.33,None,12.67,None,29.67,None,54.34,None,55.34,None,12.00,None,12.33
1772830866.35396,None,29.67,None,30.00,None,13.00,None,55.33,None,28.66,None,55.33,None,12.67,None,29.67,None,54.34,None,55.34,None,12.00,None,12.33
1772830866.3550112,None,29.67,None,30.00,None,13.00,None,55.33,None,28.66,None,55.33,None,12.67,None,29.67,None,54.34,None,55.34,None,12.00,None,12.33
1772830866.3751683,None,29.67,None,30.00,None,13.00,None,55.33,None,28.66,None,55.33,None,12.67,None,29.67,None,54.34,None,55.34,None,12.00,None,12.33
1772830866.376167,None,29.67,None,30.00,None,13.00,None,55.33,None,28.66,None,55.33,None,12.67,None,29.67,None,54.34,None,55.34,None,12.00,None,12.33
1772830866.3962913,None,29.67,None,30.00,None,13.00,None,55.33,None,28.66,None,55.33,None,12.67,None,29.67,None,54.34,None,55.34,None,12.00,None,12.33
1772830866.3972888,None,29.67,None,30.00,None,13.00,None,55.33,None,28.66,None,55.33,None,12.67,None,29.67,None,54.34,None,55.34,None,12.00,None,12.33
1772830866.4172616,None,29.67,None,30.00,None,13.00,None,55.33,None,28.66,None,55.33,None,12.67,None,29.67,None,54.34,None,55.34,None,12.00,None,12.33
1772830866.4183104,None,29.67,None,30.00,None,13.00,None,55.33,None,28.66,None,55.33,None,12.67,None,29.67,None,54.34,None,55.34,None,12.00,None,12.33
1772830886.3586123,None,29.67,None,30.00,None,13.00,None,55.33,None,28.66,None,55.33,None,12.67,None,29.67,None,54.34,None,55.34,None,13.67,None,12.33
1772830886.360786,None,29.67,None,30.00,None,13.00,None,55.33,None,28.66,None,55.33,None,12.67,None,29.67,None,54.34,None,55.34,None,13.67,None,12.33
1772830886.3891602,None,29.67,None,30.00,None,13.00,None,55.33,None,28.66,None,55.33,None,12.67,None,29.67,None,54.34,None,55.34,None,13.67,None,12.33
1772830886.3912354,None,29.67,None,30.00,None,13.00,None,55.33,None,28.66,None,55.33,None,12.67,None,29.67,None,54.34,None,55.34,None,13.67,None,12.33
1772830886.4194767,None,29.67,None,30.00,None,13.00,None,55.33,None,28.66,None,55.33,None,12.67,None,29.67,None,54.34,None,55.34,None,13.67,None,12.33
1772830886.4215171,None,29.67,None,30.00,None,13.00,None,55.33,None,28.66,None,55.33,None,12.67,None,29.67,None,54.34,None,55.34,None,13.67,None,12.33
1772830886.449908,None,29.67,None,30.00,None,13.00,None,55.33,None,28.66,None,55.33,None,12.67,None,29.67,None,54.34,None,55.34,None,13.67,None,12.33
1772830886.4520335,None,29.67,None,30.00,None,13.00,None,55.33,None,28.66,None,55.33,None,12.67,None,29.67,None,54.34,None,55.34,None,13.67,None,12.33
1772830886.4802089,None,29.67,None,30.00,None,13.00,None,55.33,None,28.66,None,55.33,None,12.67,None,29.67,None,54.34,None,55.34,None,13.67,None,12.33
1772830886.482295,None,29.67,None,30.00,None,13.00,None,55.33,None,28.66,None,55.33,None,12.67,None,29.67,None,54.34,None,55.34,None,13.67,None,12.33
1772830886.510404,None,29.67,None,30.00,None,13.00,None,55.33,None,28.66,None,55.33,None,12.67,None,29.67,None,54.34,None,55.34,None,13.67,None,12.33
1772830886.5126038,None,29.67,None,30.00,None,13.00,None,55.33,None,28.66,None,55.33,None,12.67,None,29.67,None,54.34,None,55.34,None,13.67,None,12.33
1772830909.3785274,None,29.67,None,30.00,None,13.00,None,55.33,None,28.66,None,55.33,None,12.67,None,29.67,None,54.34,None,55.34,None,13.67,None,12.33
1772830909.3805165,None,29.67,None,30.00,None,13.00,None,55.33,None,28.66,None,55.33,None,12.67,None,29.67,None,54.34,None,55.34,None,13.67,None,12.33
1772830909.5331662,None,29.67,None,30.00,None,13.00,None,55.33,None,28.66,None,55.33,None,12.67,None,29.67,None,54.34,None,55.34,None,13.67,None,12.33
1772830909.5352147,None,29.67,None,30.00,None,13.00,None,55.33,None,28.66,None,55.33,None,12.67,None,29.67,None,54.34,None,55.34,None,13.67,None,12.33
1772830909.5668893,None,29.67,None,30.00,None,13.00,None,55.33,None,28.66,None,55.33,None,12.67,None,29.67,None,54.34,None,55.34,None,13.67,None,12.33
1772830909.568892,None,29.67,None,30.00,None,13.00,None,55.33,None,28.66,None,55.33,None,12.67,None,29.67,None,54.34,None,55.34,None,13.67,None,12.33
1772830909.6004925,None,29.67,None,30.00,None,13.00,None,55.33,None,28.66,None,55.33,None,12.67,None,29.67,None,54.34,None,55.34,None,13.67,None,12.33
1772830909.6024885,None,29.67,None,30.00,None,13.00,None,55.33,None,28.66,None,55.33,None,12.67,None,29.67,None,54.34,None,55.34,None,13.67,None,12.33
1772830909.6316545,None,29.67,None,30.00,None,13.00,None,55.33,None,28.66,None,55.33,None,12.67,None,29.67,None,54.34,None,55.34,None,13.67,None,12.33
1772830909.6327188,None,29.67,None,30.00,None,13.00,None,55.33,None,28.66,None,55.33,None,12.67,None,29.67,None,54.34,None,55.34,None,13.67,None,12.33
1772830909.6521692,None,29.67,None,30.00,None,13.00,None,55.33,None,28.66,None,55.33,None,12.67,None,29.67,None,54.34,None,55.34,None,13.67,None,12.33
1772830909.6532226,None,29.67,None,30.00,None,13.00,None,55.33,None,28.66,None,55.33,None,12.67,None,29.67,None,54.34,None,55.34,None,13.67,None,12.33
1772830918.4203703,None,29.67,None,30.00,None,0.00,None,0.00,None,30.00,None,4.00,None,13.67,None,29.67,None,51.00,None,26.00,None,13.67,None,9.00
1772830918.4222183,None,29.67,None,30.00,None,0.00,None,0.00,None,30.00,None,4.00,None,13.67,None,29.67,None,51.00,None,26.00,None,13.67,None,9.00
1772830918.4580731,None,29.67,None,30.00,None,0.00,None,17.67,None,30.00,None,4.00,None,13.67,None,29.67,None,51.00,None,30.00,None,13.67,None,12.33
1772830918.459937,None,29.67,None,30.00,None,0.00,None,17.67,None,30.00,None,4.00,None,13.67,None,29.67,None,51.00,None,30.00,None,13.67,None,12.33
1772830918.4953048,None,29.67,None,30.00,None,0.00,None,21.67,None,30.00,None,25.00,None,13.67,None,29.67,None,52.67,None,34.33,None,13.67,None,12.33
1772830918.4971542,None,29.67,None,30.00,None,0.00,None,21.67,None,30.00,None,25.00,None,13.67,None,29.67,None,52.67,None,34.33,None,13.67,None,12.33
1772830918.5327792,None,29.67,None,30.00,None,0.00,None,21.67,None,30.00,None,46.00,None,13.67,None,29.67,None,54.34,None,34.33,None,13.67,None,12.33
1772830918.534549,None,29.67,None,30.00,None,0.00,None,21.67,None,30.00,None,46.00,None,13.67,None,29.67,None,54.34,None,34.33,None,13.67,None,12.33
1772830918.5701807,None,29.67,None,30.00,None,0.00,None,21.67,None,30.00,None,49.33,None,13.67,None,29.67,None,54.34,None,53.67,None,13.67,None,12.33
1772830918.5721083,None,29.67,None,30.00,None,0.00,None,21.67,None,30.00,None,49.33,None,13.67,None,29.67,None,54.34,None,53.67,None,13.67,None,12.33
1772830918.6081364,None,29.67,None,30.00,None,0.00,None,42.67,None,30.00,None,53.66,None,13.67,None,29.67,None,54.34,None,55.34,None,13.67,None,12.33
1772830918.6101124,None,29.67,None,30.00,None,0.00,None,42.67,None,30.00,None,53.66,None,13.67,None,29.67,None,54.34,None,55.34,None,13.67,None,12.33
1772830941.4620554,None,29.67,None,30.00,None,0.00,None,51.67,None,30.00,None,53.66,None,13.67,None,29.67,None,54.34,None,55.34,None,10.34,None,12.66
1772830941.4638977,None,29.67,None,30.00,None,0.00,None,51.67,None,30.00,None,53.66,None,13.67,None,29.67,None,54.34,None,55.34,None,10.34,None,12.66
1772830941.4995356,None,29.67,None,30.00,None,8.67,None,51.67,None,30.00,None,55.33,None,13.67,None,29.67,None,54.34,None,55.34,None,13.67,None,12.66
1772830941.5013115,None,29.67,None,30.00,None,8.67,None,51.67,None,30.00,None,55.33,None,13.67,None,29.67,None,54.34,None,55.34,None,13.67,None,12.66
1772830941.5373747,None,29.67,None,30.00,None,8.67,None,55.00,None,30.00,None,55.33,None,13.67,None,29.67,None,54.34,None,55.34,None,13.67,None,12.66
1772830941.5391262,None,29.67,None,30.00,None,8.67,None,55.00,None,30.00,None,55.33,None,13.67,None,29.67,None,54.34,None,55.34,None,13.67,None,12.66
1772830941.5745254,None,29.67,None,30.00,None,12.00,None,55.00,None,30.00,None,55.33,None,13.67,None,29.67,None,54.34,None,55.34,None,13.67,None,12.66
1772830941.5763075,None,29.67,None,30.00,None,12.00,None,55.00,None,30.00,None,55.33,None,13.67,None,29.67,None,54.34,None,55.34,None,13.67,None,12.66
1772830941.6114814,None,29.67,None,30.00,None,12.00,None,55.00,None,30.00,None,55.33,None,13.67,None,29.67,None,54.34,None,55.34,None,13.67,None,12.66
1772830941.61332,None,29.67,None,30.00,None,12.00,None,55.00,None,30.00,None,55.33,None,13.67,None,29.67,None,54.34,None,55.34,None,13.67,None,12.66
1772830941.6486971,None,29.67,None,30.00,None,12.00,None,55.00,None,30.00,None,55.33,None,13.67,None,29.67,None,54.34,None,55.34,None,13.67,None,12.66
1772830941.6505497,None,29.67,None,30.00,None,12.00,None,55.00,None,30.00,None,55.33,None,13.67,None,29.67,None,54.34,None,55.34,None,13.67,None,12.66
1772830960.4950345,None,29.67,None,21.00,None,12.00,None,55.00,None,30.00,None,55.33,None,13.67,None,21.33,None,18.01,None,31.01,None,13.67,None,12.66
1772830960.4969509,None,29.67,None,21.00,None,12.00,None,55.00,None,30.00,None,55.33,None,13.67,None,21.33,None,18.01,None,31.01,None,13.67,None,12.66
1772830960.535142,None,29.67,None,21.00,None,12.00,None,55.00,None,30.00,None,55.33,None,13.67,None,26.33,None,35.68,None,31.01,None,13.67,None,12.66
1772830960.5370374,None,29.67,None,21.00,None,12.00,None,55.00,None,30.00,None,55.33,None,13.67,None,26.33,None,35.68,None,31.01,None,13.67,None,12.66
1772830960.5741656,None,29.67,None,21.00,None,12.00,None,55.00,None,30.00,None,55.33,None,13.67,None,28.00,None,52.01,None,40.01,None,13.67,None,12.66
1772830960.576072,None,29.67,None,21.00,None,12.00,None,55.00,None,30.00,None,55.33,None,13.67,None,28.00,None,52.01,None,40.01,None,13.67,None,12.66
1772830960.6129405,None,29.67,None,30.00,None,12.00,None,55.00,None,30.00,None,55.33,None,13.67,None,29.67,None,55.34,None,53.01,None,13.67,None,12.66
1772830960.6148295,None,29.67,None,30.00,None,12.00,None,55.00,None,30.00,None,55.33,None,13.67,None,29.67,None,55.34,None,53.01,None,13.67,None,12.66
1772830960.6502428,None,29.67,None,30.00,None,12.00,None,55.00,None,30.00,None,55.33,None,13.67,None,29.67,None,55.34,None,54.68,None,13.67,None,12.66
1772830960.65226,None,29.67,None,30.00,None,12.00,None,55.00,None,30.00,None,55.33,None,13.67,None,29.67,None,55.34,None,54.68,None,13.67,None,12.66
1772830960.688583,None,29.67,None,30.00,None,12.00,None,55.00,None,30.00,None,55.33,None,13.67,None,29.67,None,55.34,None,54.68,None,13.67,None,12.66
1772830960.6906955,None,29.67,None,30.00,None,12.00,None,55.00,None,30.00,None,55.33,None,13.67,None,29.67,None,55.34,None,54.68,None,13.67,None,12.66
1772830977.5347998,None,30.00,None,18.00,None,12.00,None,55.00,None,30.00,None,55.33,None,13.67,None,26.34,None,53.67,None,53.01,None,13.67,None,12.66
1772830977.5366607,None,30.00,None,18.00,None,12.00,None,55.00,None,30.00,None,55.33,None,13.67,None,26.34,None,53.67,None,53.01,None,13.67,None,12.66
1772830977.5737417,None,30.00,None,27.33,None,12.00,None,55.00,None,30.00,None,55.33,None,13.67,None,26.34,None,53.67,None,53.01,None,13.67,None,12.66
1772830977.5755348,None,30.00,None,27.33,None,12.00,None,55.00,None,30.00,None,55.33,None,13.67,None,26.34,None,53.67,None,53.01,None,13.67,None,12.66
1772830977.612613,None,30.00,None,29.00,None,12.00,None,55.00,None,30.00,None,55.33,None,13.67,None,29.67,None,53.67,None,53.01,None,13.67,None,12.66
1772830977.6144226,None,30.00,None,29.00,None,12.00,None,55.00,None,30.00,None,55.33,None,13.67,None,29.67,None,53.67,None,53.01,None,13.67,None,12.66
1772830977.6514034,None,30.00,None,29.00,None,12.00,None,55.00,None,30.00,None,55.33,None,13.67,None,29.67,None,53.67,None,53.01,None,13.67,None,12.66
1772830977.6532514,None,30.00,None,29.00,None,12.00,None,55.00,None,30.00,None,55.33,None,13.67,None,29.67,None,53.67,None,53.01,None,13.67,None,12.66
1772830977.817169,None,30.00,None,29.00,None,12.00,None,55.00,None,30.00,None,55.33,None,13.67,None,29.67,None,55.34,None,53.01,None,13.67,None,12.66
1772830977.820042,None,30.00,None,29.00,None,12.00,None,55.00,None,30.00,None,55.33,None,13.67,None,29.67,None,55.34,None,53.01,None,13.67,None,12.66
1772830977.868098,None,30.00,None,29.00,None,12.00,None,55.00,None,30.00,None,55.33,None,13.67,None,29.67,None,55.34,None,54.68,None,13.67,None,12.66
1772830977.8708084,None,30.00,None,29.00,None,12.00,None,55.00,None,30.00,None,55.33,None,13.67,None,29.67,None,55.34,None,54.68,None,13.67,None,12.66
1772830999.5795746,None,18.00,None,29.00,None,12.00,None,55.00,None,21.00,None,55.33,None,6.00,None,29.67,None,55.34,None,54.68,None,12.00,None,12.66
1772830999.5814836,None,18.00,None,29.00,None,12.00,None,55.00,None,21.00,None,55.33,None,6.00,None,29.67,None,55.34,None,54.68,None,12.00,None,12.66
1772830999.6272867,None,18.00,None,29.00,None,12.00,None,55.00,None,21.00,None,55.33,None,6.00,None,29.67,None,55.34,None,54.68,None,12.00,None,12.66
1772830999.6293125,None,18.00,None,29.00,None,12.00,None,55.00,None,21.00,None,55.33,None,6.00,None,29.67,None,55.34,None,54.68,None,12.00,None,12.66
1772830999.671771,None,18.00,None,29.00,None,12.00,None,55.00,None,21.00,None,55.33,None,6.00,None,29.67,None,55.34,None,54.68,None,12.00,None,12.66
1772830999.6737618,None,18.00,None,29.00,None,12.00,None,55.00,None,21.00,None,55.33,None,6.00,None,29.67,None,55.34,None,54.68,None,12.00,None,12.66
1772830999.7147756,None,18.00,None,29.00,None,12.00,None,55.00,None,21.00,None,55.33,None,6.00,None,29.67,None,55.34,None,54.68,None,12.00,None,12.66
1772830999.7168865,None,18.00,None,29.00,None,12.00,None,55.00,None,21.00,None,55.33,None,6.00,None,29.67,None,55.34,None,54.68,None,12.00,None,12.66
1772830999.7594063,None,18.00,None,29.00,None,12.00,None,55.00,None,21.00,None,55.33,None,6.00,None,29.67,None,55.34,None,54.68,None,12.00,None,12.66
1772830999.7614012,None,18.00,None,29.00,None,12.00,None,55.00,None,21.00,None,55.33,None,6.00,None,29.67,None,55.34,None,54.68,None,12.00,None,12.66
1772830999.8021414,None,18.00,None,29.00,None,13.67,None,55.00,None,30.00,None,55.33,None,6.00,None,29.67,None,55.34,None,54.68,None,12.00,None,12.66
1772830999.804141,None,18.00,None,29.00,None,13.67,None,55.00,None,30.00,None,55.33,None,6.00,None,29.67,None,55.34,None,54.68,None,12.00,None,12.66
1772831022.618804,None,18.00,None,29.00,None,13.67,None,55.00,None,30.00,None,55.33,None,6.00,None,29.67,None,55.34,None,54.68,None,12.00,None,12.66
1772831022.6206696,None,18.00,None,29.00,None,13.67,None,55.00,None,30.00,None,55.33,None,6.00,None,29.67,None,55.34,None,54.68,None,12.00,None,12.66
1772831022.660174,None,18.00,None,29.00,None,13.67,None,55.00,None,30.00,None,55.33,None,6.00,None,29.67,None,55.34,None,54.68,None,12.00,None,12.66
1772831022.6619568,None,18.00,None,29.00,None,13.67,None,55.00,None,30.00,None,55.33,None,6.00,None,29.67,None,55.34,None,54.68,None,12.00,None,12.66
1772831022.7010496,None,18.00,None,29.00,None,13.67,None,55.00,None,30.00,None,55.33,None,6.00,None,29.67,None,55.34,None,54.68,None,12.00,None,12.66
1772831022.7028055,None,18.00,None,29.00,None,13.67,None,55.00,None,30.00,None,55.33,None,6.00,None,29.67,None,55.34,None,54.68,None,12.00,None,12.66
1772831022.7427795,None,18.00,None,29.00,None,13.67,None,55.00,None,30.00,None,55.33,None,6.00,None,29.67,None,55.34,None,54.68,None,12.00,None,12.66
1772831022.7445972,None,18.00,None,29.00,None,13.67,None,55.00,None,30.00,None,55.33,None,6.00,None,29.67,None,55.34,None,54.68,None,12.00,None,12.66
1772831022.783602,None,18.00,None,29.00,None,13.67,None,55.00,None,30.00,None,55.33,None,6.00,None,29.67,None,55.34,None,54.68,None,12.00,None,12.66
1772831022.7854428,None,18.00,None,29.00,None,13.67,None,55.00,None,30.00,None,55.33,None,6.00,None,29.67,None,55.34,None,54.68,None,12.00,None,12.66
1772831022.8249207,None,27.00,None,29.00,None,13.67,None,55.00,None,30.00,None,55.33,None,6.00,None,29.67,None,55.34,None,54.68,None,12.00,None,12.66
1772831022.826802,None,27.00,None,29.00,None,13.67,None,55.00,None,30.00,None,55.33,None,6.00,None,29.67,None,55.34,None,54.68,None,12.00,None,12.66
1772831047.65691,None,27.00,None,29.00,None,13.67,None,12.33,None,9.00,None,32.67,None,0.00,None,29.67,None,52.00,None,25.34,None,12.00,None,9.33
1772831047.6587534,None,27.00,None,29.00,None,13.67,None,12.33,None,9.00,None,32.67,None,0.00,None,29.67,None,52.00,None,25.34,None,12.00,None,9.33
1772831047.7007048,None,27.00,None,29.00,None,13.67,None,12.33,None,9.00,None,55.34,None,0.00,None,29.67,None,52.00,None,29.34,None,12.00,None,9.33
1772831047.7024066,None,27.00,None,29.00,None,13.67,None,12.33,None,9.00,None,55.34,None,0.00,None,29.67,None,52.00,None,29.34,None,12.00,None,9.33
1772831047.7437665,None,27.00,None,29.00,None,13.67,None,25.33,None,9.00,None,55.34,None,0.00,None,29.67,None,52.00,None,47.34,None,12.00,None,9.33
1772831047.7455127,None,27.00,None,29.00,None,13.67,None,25.33,None,9.00,None,55.34,None,0.00,None,29.67,None,52.00,None,47.34,None,12.00,None,9.33
1772831047.9159765,None,27.00,None,29.00,None,13.67,None,43.00,None,9.00,None,55.34,None,0.00,None,29.67,None,52.00,None,52.34,None,12.00,None,9.33
1772831047.918459,None,27.00,None,29.00,None,13.67,None,43.00,None,9.00,None,55.34,None,0.00,None,29.67,None,52.00,None,52.34,None,12.00,None,9.33
1772831047.9717958,None,27.00,None,29.00,None,13.67,None,47.33,None,26.67,None,55.34,None,0.00,None,29.67,None,55.33,None,54.01,None,12.00,None,9.33
1772831047.9741824,None,27.00,None,29.00,None,13.67,None,47.33,None,26.67,None,55.34,None,0.00,None,29.67,None,55.33,None,54.01,None,12.00,None,9.33
1772831048.0267806,None,27.00,None,29.00,None,13.67,None,52.33,None,26.67,None,55.34,None,8.67,None,29.67,None,55.33,None,54.01,None,12.00,None,9.33
1772831048.0292041,None,27.00,None,29.00,None,13.67,None,52.33,None,26.67,None,55.34,None,8.67,None,29.67,None,55.33,None,54.01,None,12.00,None,9.33
1772831055.0247397,None,28.67,None,29.00,None,None,None,52.33,None,29.67,None,53.67,None,13.00,None,29.67,None,55.33,None,54.01,None,8.67,None,9.33
1772831055.0266824,None,28.67,None,29.00,None,None,None,52.33,None,29.67,None,53.67,None,13.00,None,29.67,None,55.33,None,54.01,None,8.67,None,9.33
1772831055.0664244,None,28.67,None,29.00,None,None,None,52.33,None,29.67,None,53.67,None,13.00,None,29.67,None,55.33,None,54.01,None,8.67,None,12.66
1772831055.0682988,None,28.67,None,29.00,None,None,None,52.33,None,29.67,None,53.67,None,13.00,None,29.67,None,55.33,None,54.01,None,8.67,None,12.66
1772831055.107953,None,28.67,None,29.00,None,None,None,52.33,None,29.67,None,55.34,None,13.00,None,29.67,None,55.33,None,54.01,None,8.67,None,12.66
1772831055.1099076,None,28.67,None,29.00,None,None,None,52.33,None,29.67,None,55.34,None,13.00,None,29.67,None,55.33,None,54.01,None,8.67,None,12.66
1772831074.6991642,None,22.00,None,18.00,None,None,None,40.00,None,17.67,None,55.34,None,13.67,None,26.34,None,53.66,None,52.34,None,0.00,None,0.00
1772831074.7007463,None,22.00,None,18.00,None,None,None,40.00,None,17.67,None,55.34,None,13.67,None,26.34,None,53.66,None,52.34,None,0.00,None,0.00
1772831074.7434618,None,27.00,None,26.67,None,None,None,49.00,None,17.67,None,55.34,None,13.67,None,26.34,None,53.66,None,52.34,None,0.00,None,0.00
1772831074.7449834,None,27.00,None,26.67,None,None,None,49.00,None,17.67,None,55.34,None,13.67,None,26.34,None,53.66,None,52.34,None,0.00,None,0.00
1772831074.7866435,None,28.67,None,26.67,None,None,None,49.00,None,25.33,None,55.34,None,13.67,None,26.34,None,53.66,None,52.34,None,9.00,None,8.67
1772831074.7881992,None,28.67,None,26.67,None,None,None,49.00,None,25.33,None,55.34,None,13.67,None,26.34,None,53.66,None,52.34,None,9.00,None,8.67
1772831074.8299916,None,28.67,None,30.00,None,None,None,49.00,None,27.00,None,55.34,None,13.67,None,26.34,None,53.66,None,52.34,None,9.00,None,13.00
1772831074.8315737,None,28.67,None,30.00,None,None,None,49.00,None,27.00,None,55.34,None,13.67,None,26.34,None,53.66,None,52.34,None,9.00,None,13.00
1772831074.8724177,None,28.67,None,30.00,None,None,None,49.00,None,28.67,None,55.34,None,13.67,None,29.67,None,53.66,None,52.34,None,9.00,None,13.00
1772831074.8740182,None,28.67,None,30.00,None,None,None,49.00,None,28.67,None,55.34,None,13.67,None,29.67,None,53.66,None,52.34,None,9.00,None,13.00
1772831074.9150484,None,28.67,None,30.00,None,None,None,49.00,None,28.67,None,55.34,None,13.67,None,29.67,None,53.66,None,52.34,None,12.33,None,13.00
1772831074.9166708,None,28.67,None,30.00,None,None,None,49.00,None,28.67,None,55.34,None,13.67,None,29.67,None,53.66,None,52.34,None,12.33,None,13.00
1772831091.732317,None,28.67,None,21.00,None,12.00,None,55.00,None,28.67,None,55.34,None,13.67,None,3.33,None,7.33,None,37.67,None,12.33,None,13.00
1772831091.7339642,None,28.67,None,21.00,None,12.00,None,55.00,None,28.67,None,55.34,None,13.67,None,3.33,None,7.33,None,37.67,None,12.33,None,13.00
1772831091.778297,None,28.67,None,21.00,None,13.67,None,55.00,None,28.67,None,55.34,None,13.67,None,3.33,None,16.33,None,49.67,None,12.33,None,13.00
1772831091.7800312,None,28.67,None,21.00,None,13.67,None,55.00,None,28.67,None,55.34,None,13.67,None,3.33,None,16.33,None,49.67,None,12.33,None,13.00
1772831091.9502106,None,28.67,None,21.00,None,13.67,None,55.00,None,28.67,None,55.34,None,13.67,None,3.33,None,34.00,None,53.00,None,12.33,None,13.00
1772831091.9511688,None,28.67,None,21.00,None,13.67,None,55.00,None,28.67,None,55.34,None,13.67,None,3.33,None,34.00,None,53.00,None,12.33,None,13.00
1772831091.9794006,None,28.67,None,21.00,None,13.67,None,55.00,None,28.67,None,55.34,None,13.67,None,3.33,None,55.00,None,53.00,None,12.33,None,13.00
1772831091.9803832,None,28.67,None,21.00,None,13.67,None,55.00,None,28.67,None,55.34,None,13.67,None,3.33,None,55.00,None,53.00,None,12.33,None,13.00
1772831092.0080047,None,28.67,None,21.00,None,13.67,None,55.00,None,28.67,None,55.34,None,13.67,None,3.33,None,55.00,None,53.00,None,12.33,None,13.00
1772831092.009032,None,28.67,None,21.00,None,13.67,None,55.00,None,28.67,None,55.34,None,13.67,None,3.33,None,55.00,None,53.00,None,12.33,None,13.00
1772831092.0365872,None,28.67,None,21.00,None,13.67,None,55.00,None,28.67,None,55.34,None,13.67,None,3.33,None,55.00,None,53.00,None,12.33,None,13.00
1772831092.0376112,None,28.67,None,21.00,None,13.67,None,55.00,None,28.67,None,55.34,None,13.67,None,3.33,None,55.00,None,53.00,None,12.33,None,13.00
1772831118.7718036,None,28.67,None,27.00,None,13.67,None,55.00,None,28.67,None,53.67,None,13.67,None,24.33,None,55.00,None,53.00,None,12.33,None,13.00
1772831118.7734127,None,28.67,None,27.00,None,13.67,None,55.00,None,28.67,None,53.67,None,13.67,None,24.33,None,55.00,None,53.00,None,12.33,None,13.00
1772831118.816453,None,28.67,None,28.67,None,13.67,None,55.00,None,28.67,None,53.67,None,13.67,None,28.66,None,55.00,None,53.00,None,12.33,None,13.00
1772831118.8179593,None,28.67,None,28.67,None,13.67,None,55.00,None,28.67,None,53.67,None,13.67,None,28.66,None,55.00,None,53.00,None,12.33,None,13.00
1772831118.8609416,None,28.67,None,28.67,None,13.67,None,55.00,None,28.67,None,53.67,None,13.67,None,28.66,None,55.00,None,53.00,None,12.33,None,13.00
1772831118.8624914,None,28.67,None,28.67,None,13.67,None,55.00,None,28.67,None,53.67,None,13.67,None,28.66,None,55.00,None,53.00,None,12.33,None,13.00
1772831118.9047952,None,28.67,None,28.67,None,13.67,None,55.00,None,28.67,None,53.67,None,13.67,None,28.66,None,55.00,None,53.00,None,12.33,None,13.00
1772831118.90633,None,28.67,None,28.67,None,13.67,None,55.00,None,28.67,None,53.67,None,13.67,None,28.66,None,55.00,None,53.00,None,12.33,None,13.00
1772831118.9486048,None,28.67,None,28.67,None,13.67,None,55.00,None,28.67,None,53.67,None,13.67,None,28.66,None,55.00,None,54.67,None,12.33,None,13.00
1772831118.950206,None,28.67,None,28.67,None,13.67,None,55.00,None,28.67,None,53.67,None,13.67,None,28.66,None,55.00,None,54.67,None,12.33,None,13.00
1772831118.992601,None,28.67,None,28.67,None,13.67,None,55.00,None,28.67,None,55.34,None,13.67,None,28.66,None,55.00,None,54.67,None,12.33,None,13.00
1772831118.9942114,None,28.67,None,28.67,None,13.67,None,55.00,None,28.67,None,55.34,None,13.67,None,28.66,None,55.00,None,54.67,None,12.33,None,13.00
1772831141.8175797,None,28.67,None,28.67,None,13.67,None,55.00,None,28.67,None,55.34,None,13.67,None,28.66,None,55.00,None,54.67,None,12.33,None,13.00
1772831141.819434,None,28.67,None,28.67,None,13.67,None,55.00,None,28.67,None,55.34,None,13.67,None,28.66,None,55.00,None,54.67,None,12.33,None,13.00
1772831141.8636603,None,28.67,None,28.67,None,13.67,None,55.00,None,28.67,None,55.34,None,13.67,None,28.66,None,55.00,None,54.67,None,12.33,None,13.00
1772831141.8656094,None,28.67,None,28.67,None,13.67,None,55.00,None,28.67,None,55.34,None,13.67,None,28.66,None,55.00,None,54.67,None,12.33,None,13.00
1772831141.907871,None,28.67,None,28.67,None,13.67,None,55.00,None,28.67,None,55.34,None,13.67,None,28.66,None,55.00,None,54.67,None,12.33,None,13.00
1772831141.9098601,None,28.67,None,28.67,None,13.67,None,55.00,None,28.67,None,55.34,None,13.67,None,28.66,None,55.00,None,54.67,None,12.33,None,13.00
1772831142.0378957,None,28.67,None,28.67,None,13.67,None,55.00,None,28.67,None,55.34,None,13.67,None,28.66,None,55.00,None,54.67,None,12.33,None,13.00
1772831142.0388901,None,28.67,None,28.67,None,13.67,None,55.00,None,28.67,None,55.34,None,13.67,None,28.66,None,55.00,None,54.67,None,12.33,None,13.00
1772831142.0704615,None,28.67,None,28.67,None,13.67,None,55.00,None,28.67,None,55.34,None,13.67,None,28.66,None,55.00,None,54.67,None,12.33,None,13.00
1772831142.0719218,None,28.67,None,28.67,None,13.67,None,55.00,None,28.67,None,55.34,None,13.67,None,28.66,None,55.00,None,54.67,None,12.33,None,13.00
1772831142.1099205,None,28.67,None,28.67,None,13.67,None,55.00,None,28.67,None,55.34,None,13.67,None,28.66,None,55.00,None,54.67,None,12.33,None,13.00
1772831142.1118963,None,28.67,None,28.67,None,13.67,None,55.00,None,28.67,None,55.34,None,13.67,None,28.66,None,55.00,None,54.67,None,12.33,None,13.00
1772831162.8552525,None,19.67,None,28.67,None,13.67,None,55.00,None,28.67,None,55.34,None,13.67,None,28.66,None,55.00,None,54.67,None,12.33,None,13.00
1772831162.8570614,None,19.67,None,28.67,None,13.67,None,55.00,None,28.67,None,55.34,None,13.67,None,28.66,None,55.00,None,54.67,None,12.33,None,13.00
1772831162.9023292,None,19.67,None,28.67,None,13.67,None,55.00,None,28.67,None,55.34,None,13.67,None,28.66,None,55.00,None,54.67,None,12.33,None,13.00
1772831162.904234,None,19.67,None,28.67,None,13.67,None,55.00,None,28.67,None,55.34,None,13.67,None,28.66,None,55.00,None,54.67,None,12.33,None,13.00
1772831162.9477665,None,19.67,None,28.67,None,13.67,None,55.00,None,28.67,None,55.34,None,13.67,None,28.66,None,55.00,None,54.67,None,12.33,None,13.00
1772831162.949683,None,19.67,None,28.67,None,13.67,None,55.00,None,28.67,None,55.34,None,13.67,None,28.66,None,55.00,None,54.67,None,12.33,None,13.00
1772831162.9972794,None,19.67,None,28.67,None,13.67,None,55.00,None,28.67,None,55.34,None,13.67,None,28.66,None,55.00,None,54.67,None,12.33,None,13.00
1772831162.9995923,None,19.67,None,28.67,None,13.67,None,55.00,None,28.67,None,55.34,None,13.67,None,28.66,None,55.00,None,54.67,None,12.33,None,13.00
1772831163.0563138,None,19.67,None,28.67,None,13.67,None,55.00,None,28.67,None,55.34,None,13.67,None,28.66,None,55.00,None,54.67,None,12.33,None,13.00
1772831163.0588317,None,19.67,None,28.67,None,13.67,None,55.00,None,28.67,None,55.34,None,13.67,None,28.66,None,55.00,None,54.67,None,12.33,None,13.00
1772831163.1149402,None,19.67,None,28.67,None,13.67,None,55.00,None,28.67,None,55.34,None,13.67,None,28.66,None,55.00,None,54.67,None,12.33,None,13.00
1772831163.1173413,None,19.67,None,28.67,None,13.67,None,55.00,None,28.67,None,55.34,None,13.67,None,28.66,None,55.00,None,54.67,None,12.33,None,13.00
1772831175.0301,None,19.67,None,28.67,None,None,None,40.00,None,11.00,None,1.67,None,5.00,None,28.66,None,38.67,None,5.00,None,12.33,None,13.00
1772831175.0318286,None,19.67,None,28.67,None,None,None,40.00,None,11.00,None,1.67,None,5.00,None,28.66,None,38.67,None,5.00,None,12.33,None,13.00
1772831175.0778327,None,19.67,None,28.67,None,None,None,53.67,None,11.00,None,14.67,None,5.00,None,28.66,None,38.67,None,5.00,None,12.33,None,13.00
1772831175.0794613,None,19.67,None,28.67,None,None,None,53.67,None,11.00,None,14.67,None,5.00,None,28.66,None,38.67,None,5.00,None,12.33,None,13.00
1772831188.893081,None,19.67,None,28.67,None,None,None,55.34,None,11.00,None,35.67,None,5.00,None,28.66,None,38.67,None,9.00,None,12.33,None,13.00
1772831188.8948622,None,19.67,None,28.67,None,None,None,55.34,None,11.00,None,35.67,None,5.00,None,28.66,None,38.67,None,9.00,None,12.33,None,13.00
1772831189.015214,None,19.67,None,28.67,None,None,None,55.34,None,11.00,None,47.67,None,5.00,None,28.66,None,42.67,None,18.00,None,12.33,None,13.00
1772831189.016779,None,19.67,None,28.67,None,None,None,55.34,None,11.00,None,47.67,None,5.00,None,28.66,None,42.67,None,18.00,None,12.33,None,13.00
1772831189.05566,None,19.67,None,28.67,None,None,None,55.34,None,11.00,None,51.00,None,5.00,None,28.66,None,42.67,None,35.67,None,12.33,None,13.00
1772831189.0567,None,19.67,None,28.67,None,None,None,55.34,None,11.00,None,51.00,None,5.00,None,28.66,None,42.67,None,35.67,None,12.33,None,13.00
1772831189.0852277,None,19.67,None,28.67,None,None,None,55.34,None,11.00,None,54.33,None,5.00,None,28.66,None,42.67,None,53.34,None,12.33,None,13.00
1772831189.0862138,None,19.67,None,28.67,None,None,None,55.34,None,11.00,None,54.33,None,5.00,None,28.66,None,42.67,None,53.34,None,12.33,None,13.00
1772831189.1239254,None,19.67,None,28.67,None,None,None,55.34,None,11.00,None,54.33,None,5.00,None,28.66,None,54.67,None,53.34,None,12.33,None,13.00
1772831189.1252186,None,19.67,None,28.67,None,None,None,55.34,None,11.00,None,54.33,None,5.00,None,28.66,None,54.67,None,53.34,None,12.33,None,13.00
1772831189.1536186,None,19.67,None,28.67,None,None,None,55.34,None,11.00,None,54.33,None,5.00,None,28.66,None,54.67,None,53.34,None,12.33,None,13.00
1772831189.1546683,None,19.67,None,28.67,None,None,None,55.34,None,11.00,None,54.33,None,5.00,None,28.66,None,54.67,None,53.34,None,12.33,None,13.00
1772831206.9419515,None,0.00,None,7.67,None,0.00,None,1.67,None,0.00,None,54.66,None,0.00,None,25.33,None,33.67,None,50.01,None,0.00,None,0.00
1772831206.9435081,None,0.00,None,7.67,None,0.00,None,1.67,None,0.00,None,54.66,None,0.00,None,25.33,None,33.67,None,50.01,None,0.00,None,0.00
1772831206.9807184,None,0.00,None,7.67,None,0.00,None,14.67,None,0.00,None,54.66,None,0.00,None,25.33,None,46.67,None,55.01,None,0.00,None,0.00
1772831206.9815695,None,0.00,None,7.67,None,0.00,None,14.67,None,0.00,None,54.66,None,0.00,None,25.33,None,46.67,None,55.01,None,0.00,None,0.00
1772831207.01275,None,0.00,None,7.67,None,0.00,None,32.34,None,0.00,None,54.66,None,0.00,None,25.33,None,51.67,None,55.01,None,0.00,None,0.00
1772831207.0135987,None,0.00,None,7.67,None,0.00,None,32.34,None,0.00,None,54.66,None,0.00,None,25.33,None,51.67,None,55.01,None,0.00,None,0.00
1772831207.0447905,None,0.00,None,7.67,None,0.00,None,53.34,None,0.00,None,54.66,None,0.00,None,29.66,None,53.34,None,55.01,None,0.00,None,0.00
1772831207.0456126,None,0.00,None,7.67,None,0.00,None,53.34,None,0.00,None,54.66,None,0.00,None,29.66,None,53.34,None,55.01,None,0.00,None,0.00
1772831207.0759778,None,0.00,None,7.67,None,12.00,None,53.34,None,0.00,None,54.66,None,0.00,None,29.66,None,55.01,None,55.01,None,9.00,None,0.00
1772831207.076777,None,0.00,None,7.67,None,12.00,None,53.34,None,0.00,None,54.66,None,0.00,None,29.66,None,55.01,None,55.01,None,9.00,None,0.00
1772831207.107037,None,0.00,None,28.67,None,12.00,None,55.01,None,0.00,None,54.66,None,0.00,None,29.66,None,55.01,None,55.01,None,9.00,None,0.00
1772831207.1078622,None,0.00,None,28.67,None,12.00,None,55.01,None,0.00,None,54.66,None,0.00,None,29.66,None,55.01,None,55.01,None,9.00,None,0.00
1772831225.105972,None,21.00,None,28.67,None,12.00,None,55.01,None,0.00,None,54.66,None,0.00,None,29.66,None,55.01,None,55.01,None,9.00,None,0.00
1772831225.1077373,None,21.00,None,28.67,None,12.00,None,55.01,None,0.00,None,54.66,None,0.00,None,29.66,None,55.01,None,55.01,None,9.00,None,0.00
1772831225.1568518,None,24.33,None,28.67,None,12.00,None,55.01,None,9.00,None,54.66,None,8.67,None,29.66,None,55.01,None,55.01,None,9.00,None,0.00
1772831225.1585417,None,24.33,None,28.67,None,12.00,None,55.01,None,9.00,None,54.66,None,8.67,None,29.66,None,55.01,None,55.01,None,9.00,None,0.00
1772831225.207901,None,27.66,None,28.67,None,12.00,None,55.01,None,26.67,None,54.66,None,8.67,None,29.66,None,55.01,None,55.01,None,9.00,None,0.00
1772831225.2095826,None,27.66,None,28.67,None,12.00,None,55.01,None,26.67,None,54.66,None,8.67,None,29.66,None,55.01,None,55.01,None,9.00,None,0.00
1772831225.2577899,None,27.66,None,28.67,None,12.00,None,55.01,None,26.67,None,54.66,None,8.67,None,29.66,None,55.01,None,55.01,None,9.00,None,0.00
1772831225.2595313,None,27.66,None,28.67,None,12.00,None,55.01,None,26.67,None,54.66,None,8.67,None,29.66,None,55.01,None,55.01,None,9.00,None,0.00
1772831225.3082418,None,27.66,None,28.67,None,12.00,None,55.01,None,26.67,None,54.66,None,8.67,None,29.66,None,55.01,None,55.01,None,9.00,None,0.00
1772831225.3100567,None,27.66,None,28.67,None,12.00,None,55.01,None,26.67,None,54.66,None,8.67,None,29.66,None,55.01,None,55.01,None,9.00,None,0.00
1772831225.358761,None,27.66,None,28.67,None,12.00,None,55.01,None,26.67,None,54.66,None,12.00,None,29.66,None,55.01,None,55.01,None,9.00,None,8.67
1772831225.3606157,None,27.66,None,28.67,None,12.00,None,55.01,None,26.67,None,54.66,None,12.00,None,29.66,None,55.01,None,55.01,None,9.00,None,8.67
1772831242.9983406,None,27.66,None,28.67,None,12.00,None,55.01,None,26.67,None,54.66,None,12.00,None,29.66,None,55.01,None,55.01,None,12.33,None,8.67
1772831242.9994318,None,27.66,None,28.67,None,12.00,None,55.01,None,26.67,None,54.66,None,12.00,None,29.66,None,55.01,None,55.01,None,12.33,None,8.67
1772831243.0289986,None,27.66,None,28.67,None,12.00,None,55.01,None,26.67,None,54.66,None,12.00,None,29.66,None,55.01,None,55.01,None,12.33,None,8.67
1772831243.0300524,None,27.66,None,28.67,None,12.00,None,55.01,None,26.67,None,54.66,None,12.00,None,29.66,None,55.01,None,55.01,None,12.33,None,8.67
1772831243.0614953,None,27.66,None,28.67,None,13.67,None,55.01,None,26.67,None,54.66,None,12.00,None,29.66,None,55.01,None,55.01,None,12.33,None,8.67
1772831243.0628958,None,27.66,None,28.67,None,13.67,None,55.01,None,26.67,None,54.66,None,12.00,None,29.66,None,55.01,None,55.01,None,12.33,None,8.67
1772831243.1032064,None,27.66,None,28.67,None,13.67,None,55.01,None,26.67,None,54.66,None,12.00,None,29.66,None,55.01,None,55.01,None,12.33,None,12.00
1772831243.1046894,None,27.66,None,28.67,None,13.67,None,55.01,None,26.67,None,54.66,None,12.00,None,29.66,None,55.01,None,55.01,None,12.33,None,12.00
1772831243.2268322,None,27.66,None,28.67,None,13.67,None,55.01,None,30.00,None,54.66,None,12.00,None,29.66,None,55.01,None,55.01,None,12.33,None,12.00
1772831243.2283087,None,27.66,None,28.67,None,13.67,None,55.01,None,30.00,None,54.66,None,12.00,None,29.66,None,55.01,None,55.01,None,12.33,None,12.00
1772831243.2669878,None,27.66,None,28.67,None,13.67,None,55.01,None,30.00,None,54.66,None,12.00,None,29.66,None,55.01,None,55.01,None,12.33,None,12.00
1772831243.2684906,None,27.66,None,28.67,None,13.67,None,55.01,None,30.00,None,54.66,None,12.00,None,29.66,None,55.01,None,55.01,None,12.33,None,12.00
1772831261.0522866,None,29.33,None,28.66,None,13.67,None,55.01,None,30.00,None,52.99,None,12.00,None,22.00,None,55.01,None,53.34,None,12.33,None,12.00
1772831261.054327,None,29.33,None,28.66,None,13.67,None,55.01,None,30.00,None,52.99,None,12.00,None,22.00,None,55.01,None,53.34,None,12.33,None,12.00
1772831261.1043196,None,29.33,None,28.66,None,13.67,None,55.01,None,30.00,None,52.99,None,13.67,None,25.33,None,55.01,None,53.34,None,12.33,None,12.00
1772831261.1062067,None,29.33,None,28.66,None,13.67,None,55.01,None,30.00,None,52.99,None,13.67,None,25.33,None,55.01,None,53.34,None,12.33,None,12.00
1772831261.1558762,None,29.33,None,28.66,None,13.67,None,55.01,None,30.00,None,52.99,None,13.67,None,28.66,None,55.01,None,53.34,None,12.33,None,12.00
1772831261.1578128,None,29.33,None,28.66,None,13.67,None,55.01,None,30.00,None,52.99,None,13.67,None,28.66,None,55.01,None,53.34,None,12.33,None,12.00
1772831261.2077644,None,29.33,None,28.66,None,13.67,None,55.01,None,30.00,None,52.99,None,13.67,None,28.66,None,55.01,None,53.34,None,12.33,None,12.00
1772831261.2097132,None,29.33,None,28.66,None,13.67,None,55.01,None,30.00,None,52.99,None,13.67,None,28.66,None,55.01,None,53.34,None,12.33,None,12.00
1772831261.2557259,None,29.33,None,28.66,None,13.67,None,55.01,None,30.00,None,52.99,None,13.67,None,28.66,None,55.01,None,53.34,None,12.33,None,12.00
1772831261.257759,None,29.33,None,28.66,None,13.67,None,55.01,None,30.00,None,52.99,None,13.67,None,28.66,None,55.01,None,53.34,None,12.33,None,12.00
1772831261.3037128,None,29.33,None,28.66,None,13.67,None,55.01,None,30.00,None,52.99,None,13.67,None,28.66,None,55.01,None,53.34,None,12.33,None,12.00
1772831261.3056886,None,29.33,None,28.66,None,13.67,None,55.01,None,30.00,None,52.99,None,13.67,None,28.66,None,55.01,None,53.34,None,12.33,None,12.00
1772831290.0985622,None,29.33,None,28.66,None,13.67,None,55.01,None,30.00,None,52.99,None,13.67,None,28.66,None,55.01,None,53.34,None,12.33,None,12.00
1772831290.1056404,None,29.33,None,28.66,None,13.67,None,55.01,None,30.00,None,52.99,None,13.67,None,28.66,None,55.01,None,53.34,None,12.33,None,12.00
1772831290.2914383,None,29.33,None,28.66,None,13.67,None,55.01,None,30.00,None,54.66,None,13.67,None,28.66,None,55.01,None,53.34,None,12.33,None,12.00
1772831290.29339,None,29.33,None,28.66,None,13.67,None,55.01,None,30.00,None,54.66,None,13.67,None,28.66,None,55.01,None,53.34,None,12.33,None,12.00
1772831290.345328,None,29.33,None,28.66,None,13.67,None,55.01,None,30.00,None,54.66,None,13.67,None,28.66,None,55.01,None,55.01,None,12.33,None,12.00
1772831290.3473148,None,29.33,None,28.66,None,13.67,None,55.01,None,30.00,None,54.66,None,13.67,None,28.66,None,55.01,None,55.01,None,12.33,None,12.00
1772831290.3987114,None,29.33,None,28.66,None,13.67,None,55.01,None,30.00,None,54.66,None,13.67,None,28.66,None,55.01,None,55.01,None,12.33,None,12.00
1772831290.4006987,None,29.33,None,28.66,None,13.67,None,55.01,None,30.00,None,54.66,None,13.67,None,28.66,None,55.01,None,55.01,None,12.33,None,12.00
1772831290.4518273,None,29.33,None,28.66,None,13.67,None,55.01,None,30.00,None,54.66,None,13.67,None,28.66,None,55.01,None,55.01,None,12.33,None,12.00
1772831290.4539144,None,29.33,None,28.66,None,13.67,None,55.01,None,30.00,None,54.66,None,13.67,None,28.66,None,55.01,None,55.01,None,12.33,None,12.00
1772831290.5048778,None,29.33,None,28.66,None,13.67,None,55.01,None,30.00,None,54.66,None,13.67,None,28.66,None,55.01,None,55.01,None,12.33,None,12.00
1772831290.506922,None,29.33,None,28.66,None,13.67,None,55.01,None,30.00,None,54.66,None,13.67,None,28.66,None,55.01,None,55.01,None,12.33,None,12.00
1772831295.0386121,None,None,None,30.00,None,13.67,None,55.01,None,3.33,None,54.66,None,1.67,None,25.66,None,55.01,None,55.01,None,9.00,None,0.00
1772831295.0401752,None,None,None,30.00,None,13.67,None,55.01,None,3.33,None,54.66,None,1.67,None,25.66,None,55.01,None,55.01,None,9.00,None,0.00
1772831295.0912986,None,None,None,30.00,None,13.67,None,55.01,None,3.33,None,54.66,None,1.67,None,27.33,None,55.01,None,55.01,None,9.00,None,0.00
1772831295.092787,None,None,None,30.00,None,13.67,None,55.01,None,3.33,None,54.66,None,1.67,None,27.33,None,55.01,None,55.01,None,9.00,None,0.00
1772831295.144468,None,None,None,30.00,None,13.67,None,55.01,None,3.33,None,54.66,None,1.67,None,29.00,None,55.01,None,55.01,None,9.00,None,0.00
1772831295.1460671,None,None,None,30.00,None,13.67,None,55.01,None,3.33,None,54.66,None,1.67,None,29.00,None,55.01,None,55.01,None,9.00,None,0.00
1772831295.3277633,None,None,None,30.00,None,13.67,None,55.01,None,3.33,None,54.66,None,1.67,None,29.00,None,55.01,None,55.01,None,9.00,None,0.00
1772831295.3295097,None,None,None,30.00,None,13.67,None,55.01,None,3.33,None,54.66,None,1.67,None,29.00,None,55.01,None,55.01,None,9.00,None,0.00
1772831295.3820531,None,None,None,30.00,None,13.67,None,55.01,None,3.33,None,54.66,None,1.67,None,29.00,None,55.01,None,55.01,None,9.00,None,0.00
1772831295.3838055,None,None,None,30.00,None,13.67,None,55.01,None,3.33,None,54.66,None,1.67,None,29.00,None,55.01,None,55.01,None,9.00,None,0.00
1772831295.436007,None,None,None,30.00,None,13.67,None,55.01,None,21.00,None,54.66,None,11.00,None,29.00,None,55.01,None,55.01,None,9.00,None,0.00
1772831295.4378073,None,None,None,30.00,None,13.67,None,55.01,None,21.00,None,54.66,None,11.00,None,29.00,None,55.01,None,55.01,None,9.00,None,0.00
1772831295.4895833,None,None,None,30.00,None,13.67,None,55.01,None,21.00,None,54.66,None,11.00,None,29.00,None,55.01,None,55.01,None,9.00,None,0.00
1772831295.4913044,None,None,None,30.00,None,13.67,None,55.01,None,21.00,None,54.66,None,11.00,None,29.00,None,55.01,None,55.01,None,9.00,None,0.00
1772831295.5445585,None,None,None,30.00,None,13.67,None,55.01,None,28.66,None,54.66,None,12.67,None,29.00,None,55.01,None,55.01,None,9.00,None,8.67
1772831295.546563,None,None,None,30.00,None,13.67,None,55.01,None,28.66,None,54.66,None,12.67,None,29.00,None,55.01,None,55.01,None,9.00,None,8.67
1772831295.598862,None,None,None,30.00,None,13.67,None,55.01,None,28.66,None,54.66,None,12.67,None,29.00,None,55.01,None,55.01,None,9.00,None,8.67
1772831295.6008897,None,None,None,30.00,None,13.67,None,55.01,None,28.66,None,54.66,None,12.67,None,29.00,None,55.01,None,55.01,None,9.00,None,8.67
1772831295.6524773,None,None,None,30.00,None,13.67,None,55.01,None,28.66,None,54.66,None,12.67,None,29.00,None,55.01,None,55.01,None,13.33,None,13.67
1772831295.654385,None,None,None,30.00,None,13.67,None,55.01,None,28.66,None,54.66,None,12.67,None,29.00,None,55.01,None,55.01,None,13.33,None,13.67
1772831295.7045305,None,None,None,30.00,None,13.67,None,55.01,None,28.66,None,54.66,None,12.67,None,29.00,None,55.01,None,55.01,None,13.33,None,13.67
1772831295.7064424,None,None,None,30.00,None,13.67,None,55.01,None,28.66,None,54.66,None,12.67,None,29.00,None,55.01,None,55.01,None,13.33,None,13.67
1772831312.2742777,None,None,None,30.00,None,13.67,None,55.01,None,28.66,None,54.66,None,12.67,None,29.00,None,55.01,None,55.01,None,13.33,None,13.67
1772831312.2763064,None,None,None,30.00,None,13.67,None,55.01,None,28.66,None,54.66,None,12.67,None,29.00,None,55.01,None,55.01,None,13.33,None,13.67
1772831312.327424,None,None,None,30.00,None,13.67,None,55.01,None,28.66,None,54.66,None,12.67,None,29.00,None,55.01,None,55.01,None,13.33,None,13.67
1772831312.3294683,None,None,None,30.00,None,13.67,None,55.01,None,28.66,None,54.66,None,12.67,None,29.00,None,55.01,None,55.01,None,13.33,None,13.67
1772831312.3799794,None,None,None,30.00,None,13.67,None,55.01,None,28.66,None,54.66,None,12.67,None,29.00,None,55.01,None,55.01,None,13.33,None,13.67
1772831312.3819442,None,None,None,30.00,None,13.67,None,55.01,None,28.66,None,54.66,None,12.67,None,29.00,None,55.01,None,55.01,None,13.33,None,13.67
1772831312.429015,None,None,None,30.00,None,13.67,None,55.01,None,28.66,None,54.66,None,12.67,None,29.00,None,55.01,None,55.01,None,13.33,None,13.67
1772831312.4309797,None,None,None,30.00,None,13.67,None,55.01,None,28.66,None,54.66,None,12.67,None,29.00,None,55.01,None,55.01,None,13.33,None,13.67
1772831312.4781466,None,None,None,30.00,None,13.67,None,55.01,None,28.66,None,54.66,None,12.67,None,29.00,None,55.01,None,55.01,None,13.33,None,13.67
1772831312.4801123,None,None,None,30.00,None,13.67,None,55.01,None,28.66,None,54.66,None,12.67,None,29.00,None,55.01,None,55.01,None,13.33,None,13.67
1772831312.5275018,None,None,None,30.00,None,13.67,None,55.01,None,28.66,None,54.66,None,12.67,None,29.00,None,55.01,None,55.01,None,13.33,None,13.67
1772831312.5294342,None,None,None,30.00,None,13.67,None,55.01,None,28.66,None,54.66,None,12.67,None,29.00,None,55.01,None,55.01,None,13.33,None,13.67
1772831332.1687806,None,0.00,None,9.00,None,1.67,None,1.67,None,28.66,None,45.33,None,12.67,None,27.33,None,37.00,None,50.01,None,4.33,None,13.67
1772831332.170505,None,0.00,None,9.00,None,1.67,None,1.67,None,28.66,None,45.33,None,12.67,None,27.33,None,37.00,None,50.01,None,4.33,None,13.67
1772831332.229378,None,0.00,None,9.00,None,1.67,None,5.67,None,28.66,None,54.33,None,12.67,None,29.00,None,53.33,None,50.01,None,4.33,None,13.67
1772831332.2310758,None,0.00,None,9.00,None,1.67,None,5.67,None,28.66,None,54.33,None,12.67,None,29.00,None,53.33,None,50.01,None,4.33,None,13.67
1772831332.2877421,None,0.00,None,30.00,None,1.67,None,5.67,None,28.66,None,54.33,None,12.67,None,29.00,None,55.00,None,54.34,None,4.33,None,13.67
1772831332.2894924,None,0.00,None,30.00,None,1.67,None,5.67,None,28.66,None,54.33,None,12.67,None,29.00,None,55.00,None,54.34,None,4.33,None,13.67
1772831332.4740472,None,0.00,None,30.00,None,1.67,None,26.67,None,28.66,None,54.33,None,12.67,None,29.00,None,55.00,None,54.34,None,4.33,None,13.67
1772831332.4757872,None,0.00,None,30.00,None,1.67,None,26.67,None,28.66,None,54.33,None,12.67,None,29.00,None,55.00,None,54.34,None,4.33,None,13.67
1772831332.5314188,None,0.00,None,30.00,None,1.67,None,47.67,None,28.66,None,54.33,None,12.67,None,29.00,None,55.00,None,54.34,None,4.33,None,13.67
1772831332.5331388,None,0.00,None,30.00,None,1.67,None,47.67,None,28.66,None,54.33,None,12.67,None,29.00,None,55.00,None,54.34,None,4.33,None,13.67
1772831332.5883899,None,0.00,None,30.00,None,10.34,None,51.00,None,28.66,None,54.33,None,12.67,None,29.00,None,55.00,None,54.34,None,13.33,None,13.67
1772831332.5900903,None,0.00,None,30.00,None,10.34,None,51.00,None,28.66,None,54.33,None,12.67,None,29.00,None,55.00,None,54.34,None,13.33,None,13.67
1772831346.208084,None,0.00,None,30.00,None,10.34,None,49.33,None,28.66,None,35.67,None,12.67,None,29.00,None,39.00,None,16.00,None,13.33,None,13.67
1772831346.2097614,None,0.00,None,30.00,None,10.34,None,49.33,None,28.66,None,35.67,None,12.67,None,29.00,None,39.00,None,16.00,None,13.33,None,13.67
1772831346.2662067,None,0.00,None,30.00,None,10.34,None,49.33,None,28.66,None,47.67,None,12.67,None,29.00,None,43.00,None,26.67,None,13.33,None,13.67
1772831346.2677658,None,0.00,None,30.00,None,10.34,None,49.33,None,28.66,None,47.67,None,12.67,None,29.00,None,43.00,None,26.67,None,13.33,None,13.67
1772831346.3246224,None,0.00,None,30.00,None,10.34,None,49.33,None,28.66,None,51.00,None,12.67,None,29.00,None,43.00,None,46.01,None,13.33,None,13.67
1772831346.3262136,None,0.00,None,30.00,None,10.34,None,49.33,None,28.66,None,51.00,None,12.67,None,29.00,None,43.00,None,46.01,None,13.33,None,13.67
1772831346.3820848,None,0.00,None,30.00,None,10.34,None,49.33,None,28.66,None,54.33,None,12.67,None,29.00,None,51.67,None,47.68,None,13.33,None,13.67
1772831346.383731,None,0.00,None,30.00,None,10.34,None,49.33,None,28.66,None,54.33,None,12.67,None,29.00,None,51.67,None,47.68,None,13.33,None,13.67
1772831346.5616517,None,0.00,None,30.00,None,10.34,None,49.33,None,28.66,None,54.33,None,12.67,None,29.00,None,51.67,None,52.68,None,13.33,None,13.67
1772831346.563451,None,0.00,None,30.00,None,10.34,None,49.33,None,28.66,None,54.33,None,12.67,None,29.00,None,51.67,None,52.68,None,13.33,None,13.67
1772831346.6189806,None,0.00,None,30.00,None,10.34,None,53.66,None,28.66,None,54.33,None,12.67,None,29.00,None,55.00,None,54.35,None,13.33,None,13.67
1772831346.6207273,None,0.00,None,30.00,None,10.34,None,53.66,None,28.66,None,54.33,None,12.67,None,29.00,None,55.00,None,54.35,None,13.33,None,13.67
1772831363.2631986,None,0.00,None,30.00,None,13.00,None,55.33,None,25.33,None,54.33,None,12.67,None,23.00,None,55.00,None,54.35,None,13.33,None,13.67
1772831363.265336,None,0.00,None,30.00,None,13.00,None,55.33,None,25.33,None,54.33,None,12.67,None,23.00,None,55.00,None,54.35,None,13.33,None,13.67
1772831363.3377278,None,0.00,None,30.00,None,13.00,None,55.33,None,25.33,None,54.33,None,12.67,None,29.00,None,55.00,None,54.35,None,13.33,None,13.67
1772831363.3398378,None,0.00,None,30.00,None,13.00,None,55.33,None,25.33,None,54.33,None,12.67,None,29.00,None,55.00,None,54.35,None,13.33,None,13.67
1772831363.4123511,None,0.00,None,30.00,None,13.00,None,55.33,None,25.33,None,54.33,None,12.67,None,29.00,None,55.00,None,54.35,None,13.33,None,13.67
1772831363.4145195,None,0.00,None,30.00,None,13.00,None,55.33,None,25.33,None,54.33,None,12.67,None,29.00,None,55.00,None,54.35,None,13.33,None,13.67
1772831363.4812431,None,0.00,None,30.00,None,13.00,None,55.33,None,25.33,None,54.33,None,12.67,None,29.00,None,55.00,None,54.35,None,13.33,None,13.67
1772831363.4828691,None,0.00,None,30.00,None,13.00,None,55.33,None,25.33,None,54.33,None,12.67,None,29.00,None,55.00,None,54.35,None,13.33,None,13.67
1772831363.5372167,None,0.00,None,30.00,None,13.00,None,55.33,None,25.33,None,54.33,None,12.67,None,29.00,None,55.00,None,54.35,None,13.33,None,13.67
1772831363.5389287,None,0.00,None,30.00,None,13.00,None,55.33,None,25.33,None,54.33,None,12.67,None,29.00,None,55.00,None,54.35,None,13.33,None,13.67
1772831363.7162433,None,0.00,None,30.00,None,13.00,None,55.33,None,25.33,None,54.33,None,12.67,None,29.00,None,55.00,None,54.35,None,13.33,None,13.67
1772831363.718097,None,0.00,None,30.00,None,13.00,None,55.33,None,25.33,None,54.33,None,12.67,None,29.00,None,55.00,None,54.35,None,13.33,None,13.67
1772831389.2671397,None,0.00,None,30.00,None,13.00,None,55.33,None,0.00,None,54.33,None,0.00,None,27.34,None,55.00,None,54.35,None,9.00,None,0.00
1772831389.2688615,None,0.00,None,30.00,None,13.00,None,55.33,None,0.00,None,54.33,None,0.00,None,27.34,None,55.00,None,54.35,None,9.00,None,0.00
1772831389.32741,None,0.00,None,30.00,None,13.00,None,55.33,None,9.00,None,54.33,None,0.00,None,29.01,None,55.00,None,54.35,None,12.33,None,8.67
1772831389.3291214,None,0.00,None,30.00,None,13.00,None,55.33,None,9.00,None,54.33,None,0.00,None,29.01,None,55.00,None,54.35,None,12.33,None,8.67
1772831389.3876975,None,0.00,None,30.00,None,13.00,None,55.33,None,9.00,None,54.33,None,0.00,None,29.01,None,55.00,None,54.35,None,12.33,None,8.67
1772831389.3894932,None,0.00,None,30.00,None,13.00,None,55.33,None,9.00,None,54.33,None,0.00,None,29.01,None,55.00,None,54.35,None,12.33,None,8.67
1772831389.4476497,None,0.00,None,30.00,None,13.00,None,55.33,None,9.00,None,54.33,None,0.00,None,29.01,None,55.00,None,54.35,None,12.33,None,8.67
1772831389.4494064,None,0.00,None,30.00,None,13.00,None,55.33,None,9.00,None,54.33,None,0.00,None,29.01,None,55.00,None,54.35,None,12.33,None,8.67
1772831389.5040054,None,0.00,None,30.00,None,13.00,None,55.33,None,9.00,None,54.33,None,0.00,None,29.01,None,55.00,None,54.35,None,12.33,None,8.67
1772831389.5057356,None,0.00,None,30.00,None,13.00,None,55.33,None,9.00,None,54.33,None,0.00,None,29.01,None,55.00,None,54.35,None,12.33,None,8.67
1772831389.560074,None,0.00,None,30.00,None,13.00,None,55.33,None,9.00,None,54.33,None,0.00,None,29.01,None,55.00,None,54.35,None,12.33,None,8.67
1772831389.56189,None,0.00,None,30.00,None,13.00,None,55.33,None,9.00,None,54.33,None,0.00,None,29.01,None,55.00,None,54.35,None,12.33,None,8.67
1772831411.4387887,None,0.00,None,30.00,None,13.00,None,55.33,None,22.00,None,52.66,None,9.00,None,29.01,None,55.00,None,52.68,None,12.33,None,13.67
1772831411.4404442,None,0.00,None,30.00,None,13.00,None,55.33,None,22.00,None,52.66,None,9.00,None,29.01,None,55.00,None,52.68,None,12.33,None,13.67
1772831411.5001285,None,17.67,None,30.00,None,13.00,None,55.33,None,27.00,None,52.66,None,9.00,None,29.01,None,55.00,None,52.68,None,12.33,None,13.67
1772831411.501738,None,17.67,None,30.00,None,13.00,None,55.33,None,27.00,None,52.66,None,9.00,None,29.01,None,55.00,None,52.68,None,12.33,None,13.67
1772831411.5619159,None,17.67,None,30.00,None,13.00,None,55.33,None,28.67,None,52.66,None,13.33,None,29.01,None,55.00,None,52.68,None,12.33,None,13.67
1772831411.5637655,None,17.67,None,30.00,None,13.00,None,55.33,None,28.67,None,52.66,None,13.33,None,29.01,None,55.00,None,52.68,None,12.33,None,13.67
1772831411.6207254,None,17.67,None,30.00,None,13.00,None,55.33,None,28.67,None,52.66,None,13.33,None,29.01,None,55.00,None,52.68,None,12.33,None,13.67
1772831411.6225486,None,17.67,None,30.00,None,13.00,None,55.33,None,28.67,None,52.66,None,13.33,None,29.01,None,55.00,None,52.68,None,12.33,None,13.67
1772831411.679459,None,17.67,None,30.00,None,13.00,None,55.33,None,28.67,None,52.66,None,13.33,None,29.01,None,55.00,None,52.68,None,12.33,None,13.67
1772831411.6812515,None,17.67,None,30.00,None,13.00,None,55.33,None,28.67,None,52.66,None,13.33,None,29.01,None,55.00,None,52.68,None,12.33,None,13.67
1772831411.7369592,None,17.67,None,30.00,None,13.00,None,55.33,None,28.67,None,52.66,None,13.33,None,29.01,None,55.00,None,52.68,None,12.33,None,13.67
1772831411.73862,None,17.67,None,30.00,None,13.00,None,55.33,None,28.67,None,52.66,None,13.33,None,29.01,None,55.00,None,52.68,None,12.33,None,13.67
1772831427.334591,None,27.00,None,30.00,None,13.00,None,55.33,None,28.67,None,52.66,None,13.33,None,29.01,None,55.00,None,52.68,None,12.33,None,13.67
1772831427.3363066,None,27.00,None,30.00,None,13.00,None,55.33,None,28.67,None,52.66,None,13.33,None,29.01,None,55.00,None,52.68,None,12.33,None,13.67
1772831427.527208,None,28.67,None,30.00,None,13.00,None,55.33,None,28.67,None,52.66,None,13.33,None,29.01,None,55.00,None,52.68,None,12.33,None,13.67
1772831427.5292401,None,28.67,None,30.00,None,13.00,None,55.33,None,28.67,None,52.66,None,13.33,None,29.01,None,55.00,None,52.68,None,12.33,None,13.67
1772831427.5891466,None,28.67,None,30.00,None,13.00,None,55.33,None,28.67,None,52.66,None,13.33,None,29.01,None,55.00,None,52.68,None,12.33,None,13.67
1772831427.5909133,None,28.67,None,30.00,None,13.00,None,55.33,None,28.67,None,52.66,None,13.33,None,29.01,None,55.00,None,52.68,None,12.33,None,13.67
1772831427.6468534,None,28.67,None,30.00,None,13.00,None,55.33,None,28.67,None,52.66,None,13.33,None,29.01,None,55.00,None,52.68,None,12.33,None,13.67
1772831427.6486557,None,28.67,None,30.00,None,13.00,None,55.33,None,28.67,None,52.66,None,13.33,None,29.01,None,55.00,None,52.68,None,12.33,None,13.67
1772831427.7041662,None,28.67,None,30.00,None,13.00,None,55.33,None,28.67,None,52.66,None,13.33,None,29.01,None,55.00,None,52.68,None,12.33,None,13.67
1772831427.7059128,None,28.67,None,30.00,None,13.00,None,55.33,None,28.67,None,52.66,None,13.33,None,29.01,None,55.00,None,52.68,None,12.33,None,13.67
1772831427.7612135,None,28.67,None,30.00,None,13.00,None,55.33,None,28.67,None,52.66,None,13.33,None,29.01,None,55.00,None,52.68,None,12.33,None,13.67
1772831427.7628832,None,28.67,None,30.00,None,13.00,None,55.33,None,28.67,None,52.66,None,13.33,None,29.01,None,55.00,None,52.68,None,12.33,None,13.67
1772831442.361734,None,28.67,None,30.00,None,13.00,None,55.33,None,28.67,None,52.66,None,13.33,None,29.01,None,55.00,None,52.68,None,12.33,None,13.67
1772831442.3634768,None,28.67,None,30.00,None,13.00,None,55.33,None,28.67,None,52.66,None,13.33,None,29.01,None,55.00,None,52.68,None,12.33,None,13.67
1772831442.539949,None,28.67,None,30.00,None,13.00,None,55.33,None,28.67,None,52.66,None,13.33,None,29.01,None,55.00,None,52.68,None,12.33,None,13.67
1772831442.5416522,None,28.67,None,30.00,None,13.00,None,55.33,None,28.67,None,52.66,None,13.33,None,29.01,None,55.00,None,52.68,None,12.33,None,13.67
1772831442.5972242,None,28.67,None,30.00,None,13.00,None,55.33,None,28.67,None,52.66,None,13.33,None,29.01,None,55.00,None,52.68,None,12.33,None,13.67
1772831442.5989392,None,28.67,None,30.00,None,13.00,None,55.33,None,28.67,None,52.66,None,13.33,None,29.01,None,55.00,None,52.68,None,12.33,None,13.67
1772831442.655031,None,28.67,None,30.00,None,13.00,None,55.33,None,28.67,None,52.66,None,13.33,None,29.01,None,55.00,None,52.68,None,12.33,None,13.67
1772831442.656848,None,28.67,None,30.00,None,13.00,None,55.33,None,28.67,None,52.66,None,13.33,None,29.01,None,55.00,None,52.68,None,12.33,None,13.67
1772831442.712696,None,28.67,None,30.00,None,13.00,None,55.33,None,28.67,None,52.66,None,13.33,None,29.01,None,55.00,None,52.68,None,12.33,None,13.67
1772831442.7143717,None,28.67,None,30.00,None,13.00,None,55.33,None,28.67,None,52.66,None,13.33,None,29.01,None,55.00,None,52.68,None,12.33,None,13.67
1772831442.769659,None,28.67,None,30.00,None,13.00,None,55.33,None,28.67,None,52.66,None,13.33,None,29.01,None,55.00,None,52.68,None,12.33,None,13.67
1772831442.7714033,None,28.67,None,30.00,None,13.00,None,55.33,None,28.67,None,52.66,None,13.33,None,29.01,None,55.00,None,52.68,None,12.33,None,13.67
1772831466.408463,None,28.67,None,30.00,None,13.00,None,51.00,None,28.67,None,30.67,None,13.33,None,29.01,None,52.33,None,4.33,None,12.33,None,13.67
1772831466.4100838,None,28.67,None,30.00,None,13.00,None,51.00,None,28.67,None,30.67,None,13.33,None,29.01,None,52.33,None,4.33,None,12.33,None,13.67
1772831466.5999901,None,28.67,None,30.00,None,13.00,None,51.00,None,28.67,None,51.67,None,13.33,None,29.01,None,54.00,None,12.66,None,12.33,None,13.67
1772831466.6017032,None,28.67,None,30.00,None,13.00,None,51.00,None,28.67,None,51.67,None,13.33,None,29.01,None,54.00,None,12.66,None,12.33,None,13.67
1772831466.6639597,None,28.67,None,30.00,None,13.00,None,51.00,None,28.67,None,55.00,None,13.33,None,29.01,None,54.00,None,32.00,None,12.33,None,13.67
1772831466.6656578,None,28.67,None,30.00,None,13.00,None,51.00,None,28.67,None,55.00,None,13.33,None,29.01,None,54.00,None,32.00,None,12.33,None,13.67
1772831466.7266204,None,28.67,None,30.00,None,13.00,None,51.00,None,28.67,None,55.00,None,13.33,None,29.01,None,54.00,None,54.67,None,12.33,None,13.67
1772831466.728331,None,28.67,None,30.00,None,13.00,None,51.00,None,28.67,None,55.00,None,13.33,None,29.01,None,54.00,None,54.67,None,12.33,None,13.67
1772831466.787776,None,28.67,None,30.00,None,13.00,None,54.33,None,28.67,None,55.00,None,13.33,None,29.01,None,54.00,None,54.67,None,12.33,None,13.67
1772831466.7894855,None,28.67,None,30.00,None,13.00,None,54.33,None,28.67,None,55.00,None,13.33,None,29.01,None,54.00,None,54.67,None,12.33,None,13.67
1772831466.845217,None,28.67,None,30.00,None,13.00,None,54.33,None,28.67,None,55.00,None,13.33,None,29.01,None,54.00,None,54.67,None,12.33,None,13.67
1772831466.8468678,None,28.67,None,30.00,None,13.00,None,54.33,None,28.67,None,55.00,None,13.33,None,29.01,None,54.00,None,54.67,None,12.33,None,13.67
1772831487.4155295,None,28.67,None,27.00,None,4.33,None,5.00,None,28.67,None,46.00,None,13.33,None,21.34,None,24.00,None,50.34,None,3.33,None,13.67
1772831487.4163885,None,28.67,None,27.00,None,4.33,None,5.00,None,28.67,None,46.00,None,13.33,None,21.34,None,24.00,None,50.34,None,3.33,None,13.67
1772831487.5680513,None,28.67,None,28.67,None,4.33,None,9.00,None,28.67,None,46.00,None,13.33,None,29.00,None,41.67,None,50.34,None,3.33,None,13.67
1772831487.569728,None,28.67,None,28.67,None,4.33,None,9.00,None,28.67,None,46.00,None,13.33,None,29.00,None,41.67,None,50.34,None,3.33,None,13.67
1772831487.63437,None,28.67,None,28.67,None,4.33,None,18.00,None,28.67,None,54.67,None,13.33,None,29.00,None,49.33,None,50.34,None,3.33,None,13.67
1772831487.6360095,None,28.67,None,28.67,None,4.33,None,18.00,None,28.67,None,54.67,None,13.33,None,29.00,None,49.33,None,50.34,None,3.33,None,13.67
1772831487.6997812,None,28.67,None,28.67,None,4.33,None,35.67,None,28.67,None,54.67,None,13.33,None,29.00,None,52.66,None,50.34,None,3.33,None,13.67
1772831487.701492,None,28.67,None,28.67,None,4.33,None,35.67,None,28.67,None,54.67,None,13.33,None,29.00,None,52.66,None,50.34,None,3.33,None,13.67
1772831487.7610414,None,28.67,None,28.67,None,4.33,None,35.67,None,28.67,None,54.67,None,13.33,None,29.00,None,52.66,None,50.34,None,3.33,None,13.67
1772831487.7626948,None,28.67,None,28.67,None,4.33,None,35.67,None,28.67,None,54.67,None,13.33,None,29.00,None,52.66,None,50.34,None,3.33,None,13.67
1772831487.822956,None,28.67,None,28.67,None,4.33,None,35.67,None,28.67,None,54.67,None,13.33,None,29.00,None,52.66,None,50.34,None,3.33,None,13.67
1772831487.824713,None,28.67,None,28.67,None,4.33,None,35.67,None,28.67,None,54.67,None,13.33,None,29.00,None,52.66,None,50.34,None,3.33,None,13.67
1772831512.4637778,None,28.67,None,19.67,None,0.00,None,34.00,None,28.67,None,54.67,None,13.33,None,7.66,None,52.66,None,50.34,None,9.33,None,13.67
1772831512.4651334,None,28.67,None,19.67,None,0.00,None,34.00,None,28.67,None,54.67,None,13.33,None,7.66,None,52.66,None,50.34,None,9.33,None,13.67
1772831512.652974,None,28.67,None,19.67,None,9.00,None,50.33,None,28.67,None,54.67,None,13.33,None,7.66,None,52.66,None,50.34,None,11.00,None,13.67
1772831512.6543565,None,28.67,None,19.67,None,9.00,None,50.33,None,28.67,None,54.67,None,13.33,None,7.66,None,52.66,None,50.34,None,11.00,None,13.67
1772831512.7173467,None,28.67,None,19.67,None,9.00,None,53.66,None,28.67,None,54.67,None,13.33,None,7.66,None,52.66,None,50.34,None,12.67,None,13.67
1772831512.7186244,None,28.67,None,19.67,None,9.00,None,53.66,None,28.67,None,54.67,None,13.33,None,7.66,None,52.66,None,50.34,None,12.67,None,13.67
1772831512.7807994,None,28.67,None,19.67,None,13.33,None,55.33,None,28.67,None,54.67,None,13.33,None,25.33,None,52.66,None,53.67,None,12.67,None,13.67
1772831512.7821207,None,28.67,None,19.67,None,13.33,None,55.33,None,28.67,None,54.67,None,13.33,None,25.33,None,52.66,None,53.67,None,12.67,None,13.67
1772831512.8438048,None,28.67,None,19.67,None,13.33,None,55.33,None,28.67,None,54.67,None,13.33,None,25.33,None,52.66,None,53.67,None,12.67,None,13.67
1772831512.8451982,None,28.67,None,19.67,None,13.33,None,55.33,None,28.67,None,54.67,None,13.33,None,25.33,None,52.66,None,53.67,None,12.67,None,13.67
1772831512.907053,None,28.67,None,19.67,None,13.33,None,55.33,None,28.67,None,54.67,None,13.33,None,25.33,None,52.66,None,53.67,None,12.67,None,13.67
1772831512.90844,None,28.67,None,19.67,None,13.33,None,55.33,None,28.67,None,54.67,None,13.33,None,25.33,None,52.66,None,53.67,None,12.67,None,13.67
1772831532.504427,None,28.67,None,27.33,None,13.33,None,55.33,None,9.00,None,54.67,None,0.00,None,27.00,None,52.66,None,53.67,None,12.67,None,8.67
1772831532.5058386,None,28.67,None,27.33,None,13.33,None,55.33,None,9.00,None,54.67,None,0.00,None,27.00,None,52.66,None,53.67,None,12.67,None,8.67
1772831532.6889963,None,28.67,None,27.33,None,13.33,None,55.33,None,9.00,None,54.67,None,0.00,None,28.67,None,52.66,None,53.67,None,12.67,None,8.67
1772831532.6904023,None,28.67,None,27.33,None,13.33,None,55.33,None,9.00,None,54.67,None,0.00,None,28.67,None,52.66,None,53.67,None,12.67,None,8.67
1772831532.7518334,None,28.67,None,27.33,None,13.33,None,55.33,None,9.00,None,54.67,None,0.00,None,28.67,None,54.33,None,53.67,None,12.67,None,8.67
1772831532.7531877,None,28.67,None,27.33,None,13.33,None,55.33,None,9.00,None,54.67,None,0.00,None,28.67,None,54.33,None,53.67,None,12.67,None,8.67
1772831532.8144176,None,28.67,None,27.33,None,13.33,None,55.33,None,9.00,None,54.67,None,0.00,None,28.67,None,54.33,None,55.34,None,12.67,None,8.67
1772831532.8157923,None,28.67,None,27.33,None,13.33,None,55.33,None,9.00,None,54.67,None,0.00,None,28.67,None,54.33,None,55.34,None,12.67,None,8.67
1772831532.8777611,None,28.67,None,29.00,None,13.33,None,55.33,None,9.00,None,54.67,None,4.33,None,28.67,None,54.33,None,55.34,None,12.67,None,8.67
1772831532.8792107,None,28.67,None,29.00,None,13.33,None,55.33,None,9.00,None,54.67,None,4.33,None,28.67,None,54.33,None,55.34,None,12.67,None,8.67
1772831532.9407477,None,28.67,None,29.00,None,13.33,None,55.33,None,9.00,None,54.67,None,4.33,None,28.67,None,54.33,None,55.34,None,12.67,None,8.67
1772831532.9421983,None,28.67,None,29.00,None,13.33,None,55.33,None,9.00,None,54.67,None,4.33,None,28.67,None,54.33,None,55.34,None,12.67,None,8.67
1772831548.5567727,None,28.67,None,29.00,None,13.33,None,55.33,None,26.67,None,54.67,None,13.66,None,28.67,None,54.33,None,55.34,None,12.67,None,8.67
1772831548.558832,None,28.67,None,29.00,None,13.33,None,55.33,None,26.67,None,54.67,None,13.66,None,28.67,None,54.33,None,55.34,None,12.67,None,8.67
1772831548.6388514,None,28.67,None,29.00,None,13.33,None,55.33,None,28.34,None,54.67,None,13.66,None,28.67,None,54.33,None,55.34,None,12.67,None,13.00
1772831548.6403897,None,28.67,None,29.00,None,13.33,None,55.33,None,28.34,None,54.67,None,13.66,None,28.67,None,54.33,None,55.34,None,12.67,None,13.00
1772831548.8303597,None,28.67,None,29.00,None,13.33,None,55.33,None,28.34,None,54.67,None,13.66,None,28.67,None,54.33,None,55.34,None,12.67,None,13.00
1772831548.8320353,None,28.67,None,29.00,None,13.33,None,55.33,None,28.34,None,54.67,None,13.66,None,28.67,None,54.33,None,55.34,None,12.67,None,13.00
1772831548.891608,None,28.67,None,29.00,None,13.33,None,55.33,None,28.34,None,54.67,None,13.66,None,28.67,None,54.33,None,55.34,None,12.67,None,13.00
1772831548.893274,None,28.67,None,29.00,None,13.33,None,55.33,None,28.34,None,54.67,None,13.66,None,28.67,None,54.33,None,55.34,None,12.67,None,13.00
1772831548.9529643,None,28.67,None,29.00,None,13.33,None,55.33,None,28.34,None,54.67,None,13.66,None,28.67,None,54.33,None,55.34,None,12.67,None,13.00
1772831548.9545891,None,28.67,None,29.00,None,13.33,None,55.33,None,28.34,None,54.67,None,13.66,None,28.67,None,54.33,None,55.34,None,12.67,None,13.00
1772831549.0139966,None,28.67,None,29.00,None,13.33,None,55.33,None,28.34,None,54.67,None,13.66,None,28.67,None,54.33,None,55.34,None,12.67,None,13.00
1772831549.0157168,None,28.67,None,29.00,None,13.33,None,55.33,None,28.34,None,54.67,None,13.66,None,28.67,None,54.33,None,55.34,None,12.67,None,13.00
1772831568.5875483,None,17.67,None,29.00,None,13.33,None,55.33,None,28.34,None,54.67,None,13.66,None,28.67,None,54.33,None,55.34,None,12.67,None,13.00
1772831568.589811,None,17.67,None,29.00,None,13.33,None,55.33,None,28.34,None,54.67,None,13.66,None,28.67,None,54.33,None,55.34,None,12.67,None,13.00
1772831568.667189,None,17.67,None,29.00,None,13.33,None,55.33,None,28.34,None,54.67,None,13.66,None,28.67,None,54.33,None,55.34,None,12.67,None,13.00
1772831568.6687794,None,17.67,None,29.00,None,13.33,None,55.33,None,28.34,None,54.67,None,13.66,None,28.67,None,54.33,None,55.34,None,12.67,None,13.00
1772831568.8511534,None,17.67,None,29.00,None,13.33,None,55.33,None,28.34,None,54.67,None,13.66,None,28.67,None,54.33,None,55.34,None,12.67,None,13.00
1772831568.8529184,None,17.67,None,29.00,None,13.33,None,55.33,None,28.34,None,54.67,None,13.66,None,28.67,None,54.33,None,55.34,None,12.67,None,13.00
1772831568.9149148,None,17.67,None,29.00,None,13.33,None,55.33,None,28.34,None,54.67,None,13.66,None,28.67,None,54.33,None,55.34,None,12.67,None,13.00
1772831568.9166677,None,17.67,None,29.00,None,13.33,None,55.33,None,28.34,None,54.67,None,13.66,None,28.67,None,54.33,None,55.34,None,12.67,None,13.00
1772831568.978835,None,17.67,None,29.00,None,13.33,None,55.33,None,28.34,None,54.67,None,13.66,None,28.67,None,54.33,None,55.34,None,12.67,None,13.00
1772831568.9806612,None,17.67,None,29.00,None,13.33,None,55.33,None,28.34,None,54.67,None,13.66,None,28.67,None,54.33,None,55.34,None,12.67,None,13.00
1772831569.043197,None,17.67,None,29.00,None,13.33,None,55.33,None,28.34,None,54.67,None,13.66,None,28.67,None,54.33,None,55.34,None,12.67,None,13.00
1772831569.044986,None,17.67,None,29.00,None,13.33,None,55.33,None,28.34,None,54.67,None,13.66,None,28.67,None,54.33,None,55.34,None,12.67,None,13.00
1772831593.6344094,None,17.67,None,29.00,None,13.33,None,53.67,None,28.34,None,33.67,None,13.66,None,28.67,None,39.33,None,9.00,None,12.67,None,13.00
1772831593.636678,None,17.67,None,29.00,None,13.33,None,53.67,None,28.34,None,33.67,None,13.66,None,28.67,None,39.33,None,9.00,None,12.67,None,13.00
1772831593.7604887,None,17.67,None,29.00,None,13.33,None,55.34,None,28.34,None,54.67,None,13.66,None,28.67,None,43.33,None,9.00,None,12.67,None,13.00
1772831593.7614212,None,17.67,None,29.00,None,13.33,None,55.34,None,28.34,None,54.67,None,13.66,None,28.67,None,43.33,None,9.00,None,12.67,None,13.00
1772831593.8009882,None,17.67,None,29.00,None,13.33,None,55.34,None,28.34,None,54.67,None,13.66,None,28.67,None,43.33,None,30.00,None,12.67,None,13.00
1772831593.8020031,None,17.67,None,29.00,None,13.33,None,55.34,None,28.34,None,54.67,None,13.66,None,28.67,None,43.33,None,30.00,None,12.67,None,13.00
1772831593.8428578,None,17.67,None,29.00,None,13.33,None,55.34,None,28.34,None,54.67,None,13.66,None,28.67,None,43.33,None,51.00,None,12.67,None,13.00
1772831593.843951,None,17.67,None,29.00,None,13.33,None,55.34,None,28.34,None,54.67,None,13.66,None,28.67,None,43.33,None,51.00,None,12.67,None,13.00
1772831593.8853784,None,17.67,None,29.00,None,13.33,None,55.34,None,28.34,None,54.67,None,13.66,None,28.67,None,52.00,None,54.33,None,12.67,None,13.00
1772831593.8864548,None,17.67,None,29.00,None,13.33,None,55.34,None,28.34,None,54.67,None,13.66,None,28.67,None,52.00,None,54.33,None,12.67,None,13.00
1772831593.926514,None,17.67,None,29.00,None,13.33,None,55.34,None,28.34,None,54.67,None,13.66,None,28.67,None,55.33,None,54.33,None,12.67,None,13.00
1772831593.9276245,None,17.67,None,29.00,None,13.33,None,55.34,None,28.34,None,54.67,None,13.66,None,28.67,None,55.33,None,54.33,None,12.67,None,13.00
1772831611.6315897,None,17.67,None,9.33,None,13.33,None,24.67,None,28.34,None,46.00,None,13.66,None,27.01,None,38.67,None,54.33,None,12.67,None,13.00
1772831611.6325977,None,17.67,None,9.33,None,13.33,None,24.67,None,28.34,None,46.00,None,13.66,None,27.01,None,38.67,None,54.33,None,12.67,None,13.00
1772831611.746757,None,17.67,None,9.33,None,13.33,None,28.67,None,28.34,None,55.00,None,13.66,None,28.68,None,55.00,None,54.33,None,12.67,None,13.00
1772831611.747802,None,17.67,None,9.33,None,13.33,None,28.67,None,28.34,None,55.00,None,13.66,None,28.68,None,55.00,None,54.33,None,12.67,None,13.00
1772831611.7898622,None,26.67,None,27.33,None,13.33,None,28.67,None,28.34,None,55.00,None,13.66,None,28.68,None,55.00,None,54.33,None,12.67,None,13.00
1772831611.7910333,None,26.67,None,27.33,None,13.33,None,28.67,None,28.34,None,55.00,None,13.66,None,28.68,None,55.00,None,54.33,None,12.67,None,13.00
1772831611.8327224,None,26.67,None,29.00,None,13.33,None,49.67,None,28.34,None,55.00,None,13.66,None,28.68,None,55.00,None,54.33,None,12.67,None,13.00
1772831611.8338206,None,26.67,None,29.00,None,13.33,None,49.67,None,28.34,None,55.00,None,13.66,None,28.68,None,55.00,None,54.33,None,12.67,None,13.00
1772831611.8740287,None,26.67,None,29.00,None,13.33,None,53.00,None,28.34,None,55.00,None,13.66,None,28.68,None,55.00,None,54.33,None,12.67,None,13.00
1772831611.8750684,None,26.67,None,29.00,None,13.33,None,53.00,None,28.34,None,55.00,None,13.66,None,28.68,None,55.00,None,54.33,None,12.67,None,13.00
1772831611.915094,None,30.00,None,29.00,None,13.33,None,54.67,None,28.34,None,55.00,None,13.66,None,28.68,None,55.00,None,54.33,None,12.67,None,13.00
1772831611.9161582,None,30.00,None,29.00,None,13.33,None,54.67,None,28.34,None,55.00,None,13.66,None,28.68,None,55.00,None,54.33,None,12.67,None,13.00
1772831632.8325186,None,30.00,None,29.00,None,13.33,None,54.67,None,28.34,None,55.00,None,13.66,None,28.68,None,55.00,None,54.33,None,12.67,None,13.00
1772831632.8346295,None,30.00,None,29.00,None,13.33,None,54.67,None,28.34,None,55.00,None,13.66,None,28.68,None,55.00,None,54.33,None,12.67,None,13.00
1772831632.9007363,None,30.00,None,29.00,None,13.33,None,54.67,None,28.34,None,55.00,None,13.66,None,28.68,None,55.00,None,54.33,None,12.67,None,13.00
1772831632.9028213,None,30.00,None,29.00,None,13.33,None,54.67,None,28.34,None,55.00,None,13.66,None,28.68,None,55.00,None,54.33,None,12.67,None,13.00
1772831632.9695258,None,30.00,None,29.00,None,13.33,None,54.67,None,28.34,None,55.00,None,13.66,None,28.68,None,55.00,None,54.33,None,12.67,None,13.00
1772831632.9716208,None,30.00,None,29.00,None,13.33,None,54.67,None,28.34,None,55.00,None,13.66,None,28.68,None,55.00,None,54.33,None,12.67,None,13.00
1772831633.036732,None,30.00,None,29.00,None,13.33,None,54.67,None,28.34,None,55.00,None,13.66,None,28.68,None,55.00,None,54.33,None,12.67,None,13.00
1772831633.0388346,None,30.00,None,29.00,None,13.33,None,54.67,None,28.34,None,55.00,None,13.66,None,28.68,None,55.00,None,54.33,None,12.67,None,13.00
1772831633.10429,None,30.00,None,29.00,None,13.33,None,54.67,None,28.34,None,55.00,None,13.66,None,28.68,None,55.00,None,54.33,None,12.67,None,13.00
1772831633.1064553,None,30.00,None,29.00,None,13.33,None,54.67,None,28.34,None,55.00,None,13.66,None,28.68,None,55.00,None,54.33,None,12.67,None,13.00
1772831633.3062258,None,30.00,None,29.00,None,13.33,None,54.67,None,28.34,None,55.00,None,13.66,None,28.68,None,55.00,None,54.33,None,12.67,None,13.00
1772831633.308464,None,30.00,None,29.00,None,13.33,None,54.67,None,28.34,None,55.00,None,13.66,None,28.68,None,55.00,None,54.33,None,12.67,None,13.00
1772831655.759061,None,28.66,None,28.67,None,0.00,None,33.34,None,19.34,None,55.00,None,11.00,None,7.67,None,53.33,None,49.33,None,0.00,None,4.33
1772831655.760964,None,28.66,None,28.67,None,0.00,None,33.34,None,19.34,None,55.00,None,11.00,None,7.67,None,53.33,None,49.33,None,0.00,None,4.33
1772831655.8311024,None,28.66,None,28.67,None,0.00,None,33.34,None,27.00,None,55.00,None,12.67,None,7.67,None,53.33,None,49.33,None,9.00,None,13.00
1772831655.8330882,None,28.66,None,28.67,None,0.00,None,33.34,None,27.00,None,55.00,None,12.67,None,7.67,None,53.33,None,49.33,None,9.00,None,13.00
1772831655.902963,None,28.66,None,28.67,None,0.00,None,33.34,None,28.67,None,55.00,None,12.67,None,28.67,None,53.33,None,49.33,None,13.33,None,13.00
1772831655.904993,None,28.66,None,28.67,None,0.00,None,33.34,None,28.67,None,55.00,None,12.67,None,28.67,None,53.33,None,49.33,None,13.33,None,13.00
1772831655.973448,None,28.66,None,28.67,None,0.00,None,55.34,None,28.67,None,55.00,None,12.67,None,28.67,None,53.33,None,52.66,None,13.33,None,13.00
1772831655.9755187,None,28.66,None,28.67,None,0.00,None,55.34,None,28.67,None,55.00,None,12.67,None,28.67,None,53.33,None,52.66,None,13.33,None,13.00
1772831656.0389202,None,28.66,None,28.67,None,0.00,None,55.34,None,28.67,None,55.00,None,12.67,None,28.67,None,53.33,None,52.66,None,13.33,None,13.00
1772831656.040952,None,28.66,None,28.67,None,0.00,None,55.34,None,28.67,None,55.00,None,12.67,None,28.67,None,53.33,None,52.66,None,13.33,None,13.00
1772831656.2052207,None,28.66,None,28.67,None,0.00,None,55.34,None,28.67,None,55.00,None,12.67,None,28.67,None,53.33,None,52.66,None,13.33,None,13.00
1772831656.2063506,None,28.66,None,28.67,None,0.00,None,55.34,None,28.67,None,55.00,None,12.67,None,28.67,None,53.33,None,52.66,None,13.33,None,13.00
1772831674.7668686,None,28.66,None,28.67,None,0.00,None,55.34,None,27.00,None,55.00,None,12.67,None,28.67,None,53.33,None,52.66,None,13.33,None,8.67
1772831674.7678788,None,28.66,None,28.67,None,0.00,None,55.34,None,27.00,None,55.00,None,12.67,None,28.67,None,53.33,None,52.66,None,13.33,None,8.67
1772831674.8104722,None,28.66,None,28.67,None,8.67,None,55.34,None,28.67,None,55.00,None,12.67,None,28.67,None,53.33,None,52.66,None,13.33,None,13.00
1772831674.8114154,None,28.66,None,28.67,None,8.67,None,55.34,None,28.67,None,55.00,None,12.67,None,28.67,None,53.33,None,52.66,None,13.33,None,13.00
1772831674.85279,None,28.66,None,28.67,None,8.67,None,55.34,None,28.67,None,55.00,None,12.67,None,28.67,None,53.33,None,52.66,None,13.33,None,13.00
1772831674.8537848,None,28.66,None,28.67,None,8.67,None,55.34,None,28.67,None,55.00,None,12.67,None,28.67,None,53.33,None,52.66,None,13.33,None,13.00
1772831674.962867,None,28.66,None,28.67,None,12.00,None,55.34,None,28.67,None,55.00,None,12.67,None,28.67,None,55.00,None,52.66,None,13.33,None,13.00
1772831674.9639208,None,28.66,None,28.67,None,12.00,None,55.34,None,28.67,None,55.00,None,12.67,None,28.67,None,55.00,None,52.66,None,13.33,None,13.00
1772831675.0056977,None,28.66,None,28.67,None,12.00,None,55.34,None,28.67,None,55.00,None,12.67,None,28.67,None,55.00,None,54.33,None,13.33,None,13.00
1772831675.0066888,None,28.66,None,28.67,None,12.00,None,55.34,None,28.67,None,55.00,None,12.67,None,28.67,None,55.00,None,54.33,None,13.33,None,13.00
1772831675.046157,None,28.66,None,28.67,None,12.00,None,55.34,None,28.67,None,55.00,None,12.67,None,28.67,None,55.00,None,54.33,None,13.33,None,13.00
1772831675.0472178,None,28.66,None,28.67,None,12.00,None,55.34,None,28.67,None,55.00,None,12.67,None,28.67,None,55.00,None,54.33,None,13.33,None,13.00
